74.1,170.8,4.48
57.85,173.6,6.15
29.56,126,5.4
27.95,128.8,4.79
15.46,131.6,2.07
18.83,39.2,4.19
35.5,170.8,1.69
67.1,131.6,2.73
10.13,16.8,4.96
55.75,39.2,3.11
70.74,100.8,5.51
73.84,168,4.07
80.13,170.8,4.85
162.74,151.2,1.6
52.97,81.2,4.81
44.76,168,3.86
20.81,109.2,6.58
110.66,30.8,6.99
138.94,128.8,4.84
88.29,151.2,6.5
130.52,170.8,1.41
84.81,106.4,1.96
126.49,151.2,1.09
61.58,50.4,5.02
93.33,28,3.95
13.19,128.8,2.56
140.83,81.2,4.26
95.7,16.8,5.99
81.6,39.2,3.17
14.89,81.2,2.12
97.08,25.2,4.58
74.94,162.4,1
181.24,137.2,2.16
170.15,140,1.72
169.36,16.8,3.48
161.15,81.2,6.38
106.39,39.2,5.97
164.45,140,5.7
176.17,134.4,6.59
168.17,70,5.33
45.81,151.2,1.46
11.12,70,4.25
52,28,3.66
86.77,106.4,5.36
15.09,16.8,5.05
149.38,84,5.44
26.33,128.8,1.62
1.5,11.2,6.07
158.14,8.4,5.74
126.83,106.4,5.91
99.78,128.8,1.71
114.47,58.8,5
161.2,140,3.25
144.31,28,5.8
157.1,8.4,1.04
168.13,84,5.3
148.54,70,1.8
33.48,58.8,2.63
0,151.2,6.34
58.65,162.4,5.64
53.26,162.4,5.39
156.17,19.6,2.29
132.11,84,2.37
158.9,168,6.44
97.94,128.8,1.84
170.11,58.8,1.07
126.84,84,5.27
125.61,84,1.23
74.28,112,5.05
79.33,112,3.6
82.93,112,3.13
164.05,148.4,1.47
86.06,112,3.46
49.28,173.6,5.19
35.25,70,6.46
26.94,28,1.69
74.12,131.6,1.55
173.43,84,4.03
142.85,78.4,6.12
170.9,134.4,5.27
154.35,168,4.55
159.86,148.4,4.19
7.57,11.2,1.89
0,11.2,1.5
7.59,16.8,2.54
115.33,151.2,1.08
3.5,84,6.12
22.91,19.6,6.04
187.31,148.4,2.12
174.32,140,6.47
102.4,84,3.74
119.59,114.8,6.99
172.1,53.2,4.77
177.55,151.2,4.86
148.8,72.8,3.91
145.36,58.8,2.1
41.45,156.8,1.79
2.36,173.6,3.96
88.96,131.6,4.43
76.78,75.6,2.69
32.89,151.2,1.71
41.99,81.2,5.2
45.74,36.4,4.62
179.95,81.2,3.04
14.25,33.6,5.76
147.92,75.6,4.39
83.02,81.2,1.48
132.93,168,2.02
121.28,75.6,1.4
38.53,25.2,2.02
151.14,8.4,1.13
19.61,8.4,6.41
63.53,25.2,3.06
18.26,14,6.92
14.78,14,1.53
26.02,8.4,5.78
15.51,30.8,4.21
159.01,47.6,1.83
134.85,2.8,4.76
64,173.6,5.01
69.01,173.6,4.92
139.61,2.8,1.8
10.68,173.6,3.59
141.41,2.8,4.83
14.27,173.6,5.06
153.94,47.6,5.07
19.75,22.4,6.85
41.09,16.8,3.05
16.31,14,1.95
12.56,2.8,4.25
76.51,84,4.77
107.11,131.6,3.13
30.45,131.6,2.52
44.14,16.8,4.08
106.61,109.2,2.49
48.62,168,3
28.07,72.8,3.12
4.41,58.8,2.42
48.59,112,1.59
30.91,114.8,2.82
182.7,148.4,4.61
135.24,137.2,1.24
108.32,8.4,4.96
16.04,114.8,4.64
4.69,114.8,6.16
59.93,148.4,6.53
92.01,75.6,3.24
45.79,64.4,2.41
50.13,72.8,4.51
44.83,148.4,4.37
95.84,156.8,5.23
49.2,148.4,5.05
47.82,72.8,2.31
43.74,72.8,4.08
49.93,123.2,2.6
43.69,117.6,6.66
13.27,151.2,3.06
160.67,50.4,5.77
160.84,47.6,6
84.07,64.4,1.93
45.66,170.8,6.17
42.51,114.8,5.22
100.17,131.6,2.71
22.94,170.8,6.32
37.32,117.6,6.37
6.34,151.2,6.93
52.99,114.8,3.67
83.32,148.4,4.17
12.05,98,6.48
102.79,28,4.19
177.44,44.8,5.34
99.12,170.8,1.38
153.55,58.8,6.25
110.24,25.2,2.41
107.52,25.2,2.72
132.74,106.4,6.99
170.63,50.4,5.56
102.42,5.6,1.92
160.66,25.2,2.25
9.06,44.8,4.84
61.64,126,6.89
73.72,123.2,5.9
56.78,126,4.86
36.51,16.8,4.58
0,28,4.4
99.51,103.6,2.62
32.23,117.6,5.09
107.79,123.2,1.71
4.81,14,6.48
0,36.4,4.87
76.97,95.2,6.43
101.49,128.8,6.44
5.68,16.8,1.91
0,103.6,6.54
50.35,117.6,1.27
54.26,36.4,1.31
56.13,117.6,6.14
32.18,5.6,1.95
84.92,103.6,3.51
58.62,103.6,1.57
55.57,36.4,6.48
60.49,95.2,4.76
11.77,148.4,6.72
51.62,117.6,4.51
44.93,103.6,5.97
142.99,58.8,2.37
87.36,70,5.05
152.71,72.8,1.54
138.17,75.6,5.31
130.05,70,1.12
25.7,16.8,4.17
126.58,114.8,3.05
31.86,64.4,3.47
168.21,103.6,6.54
113.94,36.4,2.59
75.13,75.6,1.65
11.57,36.4,6.67
94.63,162.4,4.04
72.78,103.6,6.59
37.7,92.4,3.45
62.27,117.6,5.2
72.11,128.8,2.28
57.12,170.8,1.93
13.14,47.6,6.24
85.27,109.2,1.51
62.21,103.6,4.63
48,98,1.43
62.16,100.8,3.78
51.35,106.4,3.91
78.18,106.4,6.63
75.72,42,2.12
77.7,148.4,2.22
69.64,72.8,4.6
2.94,128.8,6.6
67.47,117.6,6.54
83.71,8.4,2.81
74.13,0,1.07
86.52,8.4,4.76
78.67,162.4,6.39
25.18,14,6.13
13.81,140,6.7
50.64,156.8,1.43
34.85,0,2.15
100.47,42,2.65
77.79,8.4,5.92
76.79,8.4,1
99.28,42,1.19
61.85,28,5.57
58.39,137.2,6.77
70.85,61.6,5.36
96.41,42,2.87
83.4,95.2,3.54
28.52,56,4.04
79.47,75.6,2.45
18.02,70,3.03
91.28,8.4,1.38
3.05,140,6.88
65.84,154,6.6
70.63,78.4,1.18
72.78,42,2.94
33.29,78.4,3.55
37,0,3.13
82.04,89.6,4.3
19.89,50.4,4.45
17.47,106.4,3.8
53.36,19.6,2.37
51.73,81.2,1.24
0,50.4,6.41
70.42,33.6,5
128.5,5.6,2.27
182.2,154,4.76
75.2,0,4.53
23.03,81.2,6.83
87.8,0,1.09
79.73,0,3.61
29.86,81.2,5.52
92.37,50.4,5.9
79.31,117.6,1.6
33.68,25.2,4.85
146.71,5.6,1.91
41.2,140,4.94
83.34,0,4.46
35.38,81.2,6.61
97.03,5.6,5.39
69.43,81.2,3.1
167.87,89.6,6.24
136.72,109.2,6.55
147,0,2.28
136.16,168,5.77
86.86,19.6,3.63
144.81,5.6,1.9
176.31,154,5.89
124.8,176.4,4.98
133.74,42,1.1
93.02,140,2.92
179.97,95.2,2.71
169.75,154,6.56
134.95,168,1.21
112.69,117.6,3.19
108.3,154,4.22
43.24,156.8,1.44
41.32,11.2,2.35
28.1,50.4,5
29.86,61.6,4.14
69.82,137.2,4.54
48.23,11.2,6.46
53.73,95.2,4.4
92.39,154,3.95
8.41,22.4,2.97
42.93,28,2.91
19.73,42,6.32
0,117.6,3.08
23.59,176.4,5.84
27.74,106.4,6.19
12.39,25.2,5.36
85.06,162.4,5.11
88.84,154,3.55
65.4,162.4,4.48
0,176.4,2.57
40.45,19.6,1.1
69.82,84,5.49
12.67,95.2,5.88
54.02,137.2,4.37
40.64,61.6,5.48
69.19,50.4,5.77
93.22,148.4,6.04
40,5.6,5.79
26.68,70,5.89
38.83,67.2,2.55
107.21,151.2,2.53
38.33,39.2,2.56
32.57,70,2.68
54.69,11.2,1.85
32.21,109.2,6.41
45.58,8.4,5.57
50.9,103.6,5.15
60.61,33.6,1.91
34.78,100.8,4.6
54.06,33.6,6.55
13.96,86.8,6.22
64.02,56,4.01
6.25,86.8,1.81
6.54,103.6,5.56
38.53,112,4.37
58.76,98,3.91
36.58,137.2,5.81
105.45,86.8,5.22
76.25,100.8,4.03
20.31,112,2.89
42.39,137.2,2.86
29.74,120.4,6.95
31.83,137.2,4.75
23.2,112,2.14
76.84,176.4,6.89
93.35,103.6,6.16
83.73,176.4,3.71
34.94,162.4,4.35
64.29,162.4,1.11
6.39,92.4,4.06
39.29,162.4,3.11
42.9,112,5.69
11.61,165.2,1.24
13.42,114.8,2.62
63.96,67.2,6.01
0,109.2,2.49
10.85,114.8,2.57
101.07,156.8,4.76
0,126,1.25
18.57,126,1.25
40.55,25.2,3.52
92.18,25.2,1.43
20.24,154,3.75
40.94,126,6.17
10.95,98,1.1
8.06,86.8,5.9
18.74,92.4,1.57
44.07,25.2,6.23
136.15,70,4.11
50.3,25.2,3.83
46.65,134.4,4.69
97.92,120.4,3.77
12.15,120.4,6.45
50.53,92.4,5.38
77.36,114.8,3.25
6.58,64.4,5.34
51.03,154,3.51
134.48,84,6.62
147.82,36.4,6.58
147.83,176.4,4.65
169.51,39.2,2.53
123.71,100.8,2.12
145.44,30.8,3.03
148.43,154,2.78
29.43,176.4,6.59
75.32,109.2,2.56
52.83,126,3.95
77.88,109.2,2.98
64.51,92.4,1.82
158.02,33.6,2.51
38.62,109.2,5.81
165.97,39.2,3.54
13.38,92.4,1.74
94,72.8,2.49
47.11,126,5.72
70.09,109.2,5.23
4.12,137.2,2.6
2.7,61.6,5.64
42.7,134.4,3.95
142.72,72.8,2.85
161.68,16.8,5.85
160.17,140,1.03
108.9,168,2.34
87.44,176.4,6.28
120.49,64.4,5.64
165.51,61.6,6.86
118.69,120.4,5.72
170.45,81.2,4.47
108.23,16.8,5.26
103.8,100.8,1.33
137.76,120.4,2.48
161.19,61.6,4.32
140.24,120.4,2.36
55.79,120.4,6.97
111.24,168,2.71
97.28,109.2,5.64
85.21,30.8,2.42
145.1,39.2,5.84
102.4,123.2,3.01
107.93,53.2,2.34
142.6,120.4,3.83
115.06,128.8,3.63
102.08,126,1.55
158.72,61.6,2.47
178.53,165.2,1.52
124.19,84,1.42
115.8,70,3.19
133.24,39.2,5.58
114.09,70,1.71
100.26,64.4,3.2
126.36,39.2,6.88
123.94,16.8,4.7
141.51,137.2,1.88
151.38,134.4,4.85
130.45,120.4,1.94
172.37,61.6,1.77
165.64,67.2,5.62
77.12,16.8,2.71
39.38,100.8,5.79
82.89,109.2,2.38
154.48,109.2,3.28
80.86,109.2,2.03
123.58,61.6,2.06
90.13,78.4,2.34
170.02,22.4,2.87
174.78,109.2,1.13
57.94,151.2,5.84
126.01,67.2,2.63
88.43,103.6,4.92
115.07,86.8,5.99
61.15,78.4,5.23
121.06,86.8,2.53
123.59,86.8,6.05
86.94,95.2,4.59
128.64,67.2,5.76
164.42,86.8,3.91
104.34,5.6,5.46
175.66,86.8,3.88
117.65,39.2,6.74
137.25,61.6,1.6
140.26,70,1.53
174.37,78.4,3.77
177.46,84,1.87
91.53,95.2,4.91
88.9,89.6,6.6
166.84,78.4,3.15
105.13,100.8,6.67
40.9,176.4,4.08
117.95,84,3.34
126.41,109.2,5.1
86.34,89.6,2.56
96.44,95.2,2.67
97.11,100.8,6.69
86.02,78.4,4.11
143.27,109.2,1.58
165.78,56,2.22
141.72,154,4.39
106.68,120.4,7
79.39,78.4,6.63
17.87,44.8,1.85
124.39,39.2,1.97
13.9,44.8,3.97
134.4,173.6,6.41
125.78,156.8,1.51
131.88,173.6,2.52
138.9,67.2,5.78
131.09,148.4,4.94
120.78,165.2,4.84
180.05,165.2,2.7
179.6,162.4,6.7
172.11,173.6,1.55
138.22,81.2,2.61
151.22,81.2,4.44
98.52,30.8,3.46
183.86,78.4,6.14
134.04,58.8,1.67
169.02,22.4,1
135.71,58.8,2.68
110.88,81.2,1.9
30.76,140,4.42
115.68,39.2,1.97
52.54,109.2,3.07
113.68,120.4,5.01
153.65,33.6,4.37
59.31,140,2.53
11.29,14,3.49
87.49,148.4,1.83
87.43,81.2,4.68
74.24,72.8,6.63
129.71,33.6,2.76
6.8,56,5.07
0,5.6,3.69
99.74,28,1.83
0,165.2,2.94
149.26,8.4,1.88
166.33,173.6,5.78
125.83,100.8,2.06
146.46,16.8,1.25
138.86,131.6,5.01
151.28,148.4,3.9
99.27,92.4,4.54
152.66,173.6,6.56
79,92.4,6.08
38.49,72.8,5.25
131.51,109.2,5.21
126.99,173.6,4.89
139.07,72.8,3.65
120.51,103.6,4.61
151.84,50.4,3.24
116.46,100.8,3.64
160.14,78.4,6.7
95.5,89.6,5.58
136.92,156.8,2.88
124.41,120.4,4.03
165.35,44.8,1.93
106.67,81.2,4.21
158.98,78.4,1.16
100.61,165.2,3.18
167.28,44.8,4.44
171.72,44.8,1.78
67.92,98,5.54
107.7,176.4,1.8
150.6,53.2,5.76
131.96,156.8,4.96
132.51,145.6,5.51
127.29,156.8,4.67
120.85,36.4,5.71
60.87,165.2,2.41
36.69,120.4,5.96
25.34,112,6.01
112.93,84,5.02
3.82,53.2,1.34
42.65,120.4,3.6
31.35,112,4.22
176.87,53.2,6.14
143.78,64.4,3.45
171.74,156.8,3.55
62.76,120.4,4.38
35.18,140,1.69
54.53,78.4,6.62
88.01,100.8,2.59
22.24,140,5.77
47.67,78.4,6.86
57.03,112,3.8
141.9,0,5.1
36.84,78.4,4.76
83.58,131.6,5.38
3.49,156.8,6.32
94.52,123.2,5.15
8.51,165.2,3.1
8.98,126,3.82
15.37,70,2.65
5.21,5.6,3.65
3.69,5.6,1.52
86.18,50.4,6.19
54.64,72.8,4.49
81.68,50.4,4.5
44.44,98,1.28
9.81,156.8,5.51
49.42,137.2,4.6
85.08,92.4,5.22
15.32,156.8,6.76
151.89,0,2.29
33.98,42,6.5
70.65,151.2,6.49
68.44,145.6,4.18
47.19,81.2,4.54
19.15,145.6,5.81
41.87,22.4,6.25
43.67,11.2,4.56
34.64,84,4.96
28.04,78.4,5.25
0,100.8,3.07
65.71,72.8,3.93
10.76,137.2,3.36
43.26,84,2.02
45.93,42,6.29
7.13,109.2,5.96
45.28,84,5.62
0,84,3.5
72.62,145.6,3.67
39.6,84,3.66
14.68,145.6,4.47
63.46,44.8,6.61
74.44,70,3.88
57.63,70,5.82
58.84,44.8,4.62
66.38,78.4,4.25
6.72,137.2,4.04
40.15,168,4.61
79.06,67.2,2.64
63.45,70,2.72
97.63,44.8,3.27
78.83,81.2,4.19
3.3,22.4,5.11
65.94,100.8,4.8
47.62,56,1.95
17.01,81.2,3.95
42.44,44.8,6.23
98.16,173.6,6.54
66.33,92.4,6.74
54.54,154,4.53
66.17,70,3.07
75.67,67.2,1.53
59.21,50.4,2.37
66.77,58.8,3.16
17.23,8.4,2.38
48.67,44.8,6.66
69.24,70,5.2
22.09,128.8,4.24
92.08,44.8,5.55
69.93,58.8,1.92
64.63,42,4.44
52.15,100.8,4.6
55.94,58.8,3.93
5.93,81.2,1.85
30.55,170.8,4.95
59.87,58.8,6.9
0,22.4,3.3
48.59,53.2,5.93
0,81.2,5.93
28.63,28,5.06
86.82,120.4,5.96
0,78.4,6.86
34.19,134.4,4.19
46.5,39.2,2.72
29.24,134.4,4.95
11.38,22.4,4.23
51.54,33.6,2.52
6.4,44.8,2.66
1.51,44.8,4.89
65.04,89.6,5.86
25.58,67.2,2.2
7.78,81.2,3.48
116.01,142.8,1.64
64.23,22.4,6.35
97.28,28,2.46
9.62,84,5.26
53.03,8.4,6.78
77.06,47.6,1.99
81.71,70,5.65
11.26,81.2,3.63
17.28,50.4,2.61
70.9,89.6,5.37
72.38,86.8,1.1
70.58,22.4,5.54
53.05,98,1.05
28.36,103.6,1.61
15.61,22.4,4.14
102.28,50.4,4.71
27.78,67.2,1.38
60.41,81.2,3.08
18.85,64.4,4.81
22.42,56,3.87
1.25,126,3.1
18.1,61.6,6.87
169.44,162.4,2.4
171.84,162.4,1.74
131.57,16.8,4.11
137.54,78.4,5.31
86,64.4,3.66
103.46,64.4,5.35
124.43,78.4,1.05
167.8,154,1.95
162.84,165.2,6.13
166.05,36.4,5.82
152.88,159.6,6.88
117.89,81.2,6.31
34.96,44.8,3.57
19.82,142.8,2.9
23.83,142.8,3.13
103.89,14,3.83
93.28,19.6,3.98
124.2,81.2,4.6
40.19,14,2.26
45.17,100.8,6.98
46.64,50.4,2.12
172.75,126,1.83
166.79,126,5.96
31.09,44.8,3.87
109.12,67.2,1.7
112.08,14,3.81
22.72,142.8,1.11
81.53,156.8,4.7
50.36,36.4,3.9
140.03,22.4,4.99
34.48,50.4,5.2
173.3,131.6,5.9
118.24,67.2,3.91
3.79,145.6,6.43
128.64,16.8,2.93
129.92,145.6,2.59
106.14,84,4.46
82.47,145.6,4.61
24.34,50.4,3.76
9.18,134.4,2.34
46.71,0,2.47
20.83,47.6,3.85
6.37,8.4,5.59
122.31,159.6,3.09
151.4,162.4,5.75
133.78,103.6,5.13
182.76,134.4,4.19
139.8,156.8,6.92
125.4,159.6,2.04
101.71,154,6.59
122.96,123.2,2.89
154.6,156.8,6.48
153.38,156.8,1.22
157.15,162.4,6.11
182.99,81.2,3.4
150.44,170.8,6.45
146.72,156.8,6.66
121.11,145.6,5.77
123.75,8.4,3.75
107.6,89.6,6.35
146.11,154,2.32
105.41,123.2,2.38
184.28,156.8,3.13
174.75,103.6,1.46
79.86,19.6,7
83.16,22.4,3.98
6.47,75.6,6.47
14.64,0,5.64
44.43,109.2,5.73
42.45,14,5.81
36.62,36.4,3.65
8.24,19.6,6.87
62.9,84,3.16
29.36,86.8,3.88
5.37,120.4,6.78
120.91,19.6,6.28
29.05,162.4,5.89
138.27,19.6,4.53
125.41,50.4,2.92
85.88,134.4,5.67
49.43,98,3.62
51.34,134.4,6
110.02,95.2,6.27
58.65,25.2,4.88
12.01,123.2,3.24
88.31,61.6,5.15
3.51,134.4,1.57
104.61,162.4,5.77
0,42,2.16
93.46,61.6,3.04
27.15,42,6.83
67.42,28,4.74
16.61,142.8,1.86
6.42,53.2,4.85
32.79,22.4,3.29
60.43,123.2,3.94
34,61.6,2.48
33.1,50.4,1.38
156.27,154,2.69
92.11,81.2,1.52
3.54,142.8,3.71
36.08,22.4,5.79
1.22,131.6,1.62
6.03,154,4.05
12.82,61.6,5.28
48.12,22.4,5.88
43.3,67.2,6.71
19.27,75.6,3.76
26.29,56,2.23
35.52,56,5.73
73.07,92.4,5.93
8.34,61.6,4.48
158.38,176.4,6.45
131.23,168,1.7
49.58,145.6,5.48
83.06,142.8,6.77
154.8,176.4,3.58
50.95,19.6,2.41
46.39,19.6,4.56
53.53,2.8,2.95
152.48,176.4,2.32
36.19,154,4.37
35.57,112,2.96
45.84,28,1.88
113.42,176.4,3.24
50.16,109.2,2.38
62.41,134.4,4.8
38.29,86.8,2.69
180.16,120.4,5.37
31.85,16.8,4.66
151.44,22.4,2.14
89.83,142.8,2.73
176.98,120.4,3.18
54.19,16.8,3.05
48.26,14,2.9
74.6,142.8,5.04
174.8,123.2,3.56
51.16,14,2.58
153.58,22.4,3.42
32.87,33.6,5.55
145.02,22.4,6.42
62.52,33.6,1.51
56.05,103.6,2.57
11.13,100.8,5.51
107.37,145.6,1.67
78.47,134.4,2.08
79.83,16.8,4.33
49.81,120.4,5.98
25.83,114.8,5.08
47.92,120.4,1.89
186.35,170.8,4.17
139.92,30.8,5.52
24.45,131.6,2.57
46.25,120.4,1.67
54.51,176.4,4.15
1.6,86.8,4.65
145.25,92.4,3.9
55.67,131.6,5.95
40.98,86.8,2.3
55.06,145.6,5.53
70.46,142.8,4.14
163.14,170.8,5.66
6.96,176.4,1.13
57.24,16.8,6.78
103.86,170.8,2.15
129.1,53.2,3.5
175.63,170.8,6.72
138.91,30.8,1.01
24.98,126,4.58
72.44,154,4.16
0,123.2,6.85
19.82,126,5.16
19.62,100.8,3.03
60.59,145.6,4.37
12.8,126,1.32
14.17,170.8,4.02
18.19,170.8,4.75
26.23,120.4,3.51
91.4,145.6,2.32
38.38,134.4,2.89
13.78,154,6.46
59.71,64.4,5.65
28.39,142.8,3.32
37.19,170.8,6.57
64.96,145.6,3.48
38.1,114.8,4.41
7.25,142.8,1.64
41.38,67.2,1.92
85.01,61.6,3.3
50.9,84,4.86
81.28,84,2.17
58.61,123.2,1.82
41.27,134.4,1.43
12.94,75.6,6.33
73.48,86.8,6.47
57.34,134.4,5.07
76.21,61.6,2
31.63,75.6,3.59
32.09,30.8,3.39
68.03,56,6.15
157.6,70,6.27
115.68,22.4,4.37
109.5,123.2,2.34
21.53,30.8,2.48
157,22.4,6.59
75.45,47.6,1.61
152.8,42,1.88
84.05,86.8,3.1
114.38,131.6,4.02
69.03,47.6,6.42
113.49,16.8,5.07
87.15,86.8,5.09
122.97,134.4,4.17
154.75,30.8,6.76
132.21,134.4,4.9
34.75,2.8,1.42
107.54,72.8,6.13
65.5,47.6,3.53
161.76,145.6,5.16
92.24,86.8,3.15
149.12,42,3.68
152.9,142.8,3.55
138.42,33.6,4.28
159.93,53.2,4.98
169.88,53.2,2.22
168.8,170.8,2.42
78.23,64.4,1.57
175.6,39.2,5.45
155.45,28,1.12
127.14,134.4,5.07
143.49,16.8,2.97
48.22,16.8,5.97
88.27,14,3.04
149.15,92.4,2.16
147,56,5.75
165.14,42,4.09
135.09,56,6.11
66.84,103.6,1.92
94.39,114.8,4.61
36.17,2.8,6.03
139.13,42,6.58
43.24,173.6,2.74
151.31,92.4,6.25
134.38,22.4,5.65
166.38,8.4,1.83
120.44,142.8,1.68
117.39,56,2.16
132.78,8.4,5.81
10.45,92.4,2.93
162.37,42,2.77
141.2,56,5.8
96.49,72.8,6.53
88.07,114.8,6.32
132.47,33.6,5.95
122,70,3.24
40.13,0,6.58
132.37,78.4,3.61
127.56,78.4,4.81
77.69,28,4.19
54.52,53.2,2.16
125.48,78.4,2.08
154.41,128.8,1.18
0,120.4,5.37
111.8,100.8,3.32
169.99,78.4,4.38
59.6,11.2,6.81
32,145.6,5.96
138.25,162.4,1.15
43.04,19.6,1.1
37.82,173.6,5.42
156.36,53.2,3.57
68.76,103.6,4.02
101.69,120.4,1.83
25.61,0,6.98
126.56,36.4,1.01
146.7,142.8,4.87
174.33,25.2,3.14
103.11,95.2,4.32
97.26,19.6,6.55
31.15,19.6,3.53
161.95,95.2,5.94
95.54,11.2,3.62
145.85,61.6,6.27
39.14,128.8,4.53
100.5,170.8,3.36
29.26,170.8,1.29
146.23,84,3.15
40.56,154,3.82
99.11,95.2,4
32.59,0,2.26
105.04,30.8,5.62
151.57,142.8,1.33
141.1,84,2.31
90.3,92.4,6.3
127.06,14,1.96
34.68,19.6,5.77
173.84,145.6,6.92
91.31,14,2.6
164.91,53.2,4.97
65.11,8.4,2.74
115.8,154,3.14
11.96,8.4,5.27
164.72,100.8,4.96
81.62,22.4,1.54
133.82,14,4.35
1.67,8.4,4.7
124.1,154,6.91
51.15,30.8,3.45
147.71,16.8,6.26
17.17,126,1.4
118.94,154,5.16
76.29,145.6,3.66
153.97,16.8,4.78
12.93,142.8,3.68
75.42,33.6,4.75
14.12,126,3.05
131.01,154,1.05
93.52,0,5.42
133.71,98,3.86
88.89,0,4.63
182.68,95.2,1.83
69.18,95.2,3.64
99,114.8,1.32
16.19,103.6,5.95
178.36,123.2,4.18
14.24,106.4,3.23
163.59,22.4,2.71
79.95,145.6,2.52
120.29,28,4.06
4.37,98,4.94
48.28,95.2,5.45
108.03,134.4,4.74
4.63,162.4,2.87
75.94,162.4,2.73
133.87,72.8,5.2
81.88,28,1.12
179.82,16.8,2.46
56.68,53.2,4.54
107.7,170.8,2.39
77.06,14,3.3
178.14,78.4,5.72
72.54,5.6,5.43
176.15,64.4,3.51
18.76,78.4,3.14
157.04,0,3.89
63.15,72.8,2.56
120.21,162.4,4.17
8.86,5.6,6.03
179.66,64.4,2.55
27.4,162.4,1.65
33.47,168,6.68
24.35,165.2,4.2
70.85,2.8,1.76
24.35,72.8,3.72
40.61,64.4,5.18
4.8,170.8,2.39
113.67,72.8,2.73
18.84,84,5.83
104.19,47.6,4.82
104.51,145.6,2.86
126.88,145.6,3.04
90.53,36.4,3.97
119.82,47.6,5.81
45.25,137.2,2.15
105.89,112,4.51
156.57,28,5.73
106.01,137.2,6.33
24.97,61.6,1.61
98.97,75.6,4.13
63.77,47.6,1.73
155.18,148.4,4.68
95.39,86.8,3.72
172.97,47.6,1.84
5.61,47.6,1.18
117.12,145.6,3.99
33.24,86.8,5.05
152.48,47.6,1.46
44.44,165.2,3.24
117.76,92.4,5.05
0,33.6,1.52
123.22,89.6,4.19
66.46,148.4,3.08
171.88,148.4,3.68
147.66,173.6,5
171.22,170.8,4.41
136.03,148.4,4.46
120.05,22.4,5.12
127.12,22.4,2.3
115.5,28,4.79
119.66,126,3.26
114.83,126,4.83
95.21,81.2,4.02
20.18,89.6,1.52
119.12,112,5.75
112.93,22.4,2.75
85.06,114.8,3.01
125.17,22.4,1.95
78.58,137.2,4.98
55.94,42,3.11
43.09,33.6,4
24.8,89.6,6.44
21.7,89.6,3.1
151.21,151.2,5.22
146.09,151.2,5.12
85.82,126,5.63
101.85,117.6,1.61
117.22,19.6,3.69
53.76,42,2.18
146.07,14,5.67
28.9,92.4,3.02
31.92,92.4,5.78
25.56,92.4,3.34
20.31,92.4,5.25
149.35,33.6,2.39
174.94,56,4.4
91.45,126,2.35
103.46,117.6,3.6
44.34,86.8,1.71
59.67,56,4.35
28.95,19.6,2.2
177.71,148.4,1.65
86.36,100.8,1.65
111,19.6,6.22
97.27,142.8,2.67
73.46,98,1.71
116.21,5.6,2.88
53.35,170.8,1.31
180.07,117.6,1.67
16.64,28,4.19
76.12,22.4,5.5
173.08,5.6,1.44
74.96,50.4,6.72
103.81,92.4,2.59
139.84,176.4,5.62
104.45,33.6,2.64
169.39,128.8,2.32
151.56,126,3.18
179.36,148.4,3.34
95.33,39.2,5.79
47.72,28,4.28
4.35,126,4.63
173.19,114.8,3.82
80.61,114.8,4.45
28.75,151.2,4.14
95.29,67.2,1.27
101.57,28,1.22
173.14,128.8,4.11
41.55,19.6,1.49
25.72,151.2,3.03
56.66,114.8,3.53
21.7,151.2,4.02
33.73,114.8,4.37
105.12,42,3.18
100.52,117.6,1.33
181.74,117.6,4.6
38.62,95.2,1.79
91.4,28,1.93
177.01,114.8,6.62
179.34,56,2.44
55.31,86.8,1.72
82.32,44.8,2.48
35.24,103.6,5.73
131.39,103.6,2.39
63.78,151.2,2.4
77.53,19.6,2.33
4.79,42,6.37
148.37,117.6,1.15
145.57,72.8,3.23
11.06,28,5.58
27.57,156.8,3.58
54.66,170.8,2.46
4.4,28,6.66
35.63,156.8,3.64
85.26,84,6.16
175.56,148.4,2.15
60.19,103.6,2.02
136.49,86.8,2.77
56.29,156.8,4.96
33.68,103.6,1.56
20.53,98,6.04
171.41,42,4.49
29.73,165.2,1.91
61.25,156.8,5.38
36.95,165.2,3.38
105.36,44.8,1.51
142.31,36.4,5.51
160.56,39.2,4.26
157.88,78.4,1.1
126.79,5.6,1.71
119.04,53.2,2.56
184.78,5.6,4.09
134.62,128.8,4.32
155.83,39.2,4.73
136.96,53.2,2.09
166.62,64.4,5.69
116.29,95.2,6.21
174.52,5.6,5.96
112.65,25.2,2.09
161.08,156.8,4.51
123.27,58.8,1.07
180.48,5.6,4.3
18.24,36.4,6.59
133.46,128.8,1.16
69.54,148.4,2.44
142.8,19.6,4.1
31.15,156.8,4.48
127.02,126,1.8
105.79,78.4,4.66
11.5,170.8,1.6
13.1,170.8,1.07
22.14,103.6,6.22
31.64,165.2,2.15
15.12,92.4,3.62
171.18,58.8,6.09
107.06,117.6,1.55
108.61,117.6,4.08
134.75,53.2,2.21
114.01,64.4,6.48
99.45,78.4,6.34
92.47,78.4,6.98
145.46,176.4,2.37
156.89,170.8,3.73
128.82,126,3.71
104.99,56,4.07
5.5,100.8,5.63
0,156.8,1.06
4.21,176.4,2.75
2.57,176.4,1.64
127.86,56,3.76
44.68,156.8,2.17
26.39,95.2,5.43
46.85,156.8,2.16
145.09,81.2,6.13
49.01,156.8,1.63
99.3,14,4.59
146.46,112,2.13
144.66,112,1.8
20.96,81.2,2.07
1.06,156.8,2.43
140.94,61.6,4.91
110.82,67.2,4.67
61.37,14,4.94
164.34,117.6,5.04
77.56,156.8,3.97
112.78,81.2,5.11
146.35,168,5.25
137.57,126,6.59
132.53,126,5.04
161.37,173.6,2.89
18.48,168,3.34
66.63,156.8,4.44
151.74,33.6,1.91
102.75,112,3.14
99.23,81.2,3.28
36.24,95.2,2.38
5.79,112,4.34
145.14,148.4,6.14
11.74,112,2.76
117.42,148.4,1.13
34.96,126,1.77
112.15,44.8,6.98
58.48,56,1.19
109.47,142.8,6.54
70.94,126,1.09
105.91,142.8,3.56
68.53,126,2.41
150.15,89.6,4.04
14.12,137.2,6.87
124.87,112,4.8
4.21,30.8,3.44
99.26,148.4,1.01
12.85,165.2,5.89
92.09,39.2,3.24
74.39,128.8,5.19
177.82,89.6,2.69
92.56,142.8,4.71
143.78,128.8,3.38
89.36,128.8,4.84
134.01,95.2,2.3
31.71,142.8,1.57
119.13,44.8,3.39
33.79,165.2,3.16
125.37,148.4,5.72
26.49,137.2,5.34
98.02,112,4.73
96.04,70,6.55
116.41,151.2,4.3
72.82,95.2,4.15
93.5,112,4.52
85.35,128.8,4.01
182.54,123.2,2.54
12.1,103.6,4.09
151.97,100.8,2.29
79.62,123.2,6.89
118.55,148.4,6.82
20.99,137.2,5.5
164.25,30.8,6.69
14.89,5.6,4.05
52.07,156.8,4.22
179.33,84,1.07
86.33,98,4.74
13.3,30.8,2.21
91.07,98,1.77
98.58,47.6,5.61
94.87,47.6,3.71
152.96,67.2,6.52
0,39.2,3.31
3.31,39.2,1.23
129.64,86.8,6.85
87.08,145.6,4.32
156.43,151.2,6.31
39.27,156.8,2.18
89.45,47.6,5.42
71.98,148.4,5.72
2.94,165.2,5.57
71.07,156.8,4.19
183.01,53.2,2.43
114.35,112,4.77
20.01,33.6,5.9
103.79,165.2,4.53
91.64,30.8,6.88
107.09,33.6,2.95
165.52,148.4,6.36
44.35,30.8,6.8
13.09,109.2,3.77
108.41,44.8,3.74
107.93,128.8,1.51
143.81,151.2,2.28
2.49,109.2,4.64
106.87,44.8,1.54
83.56,137.2,1.7
109.1,109.2,6.59
102.92,109.2,3.69
90.6,100.8,6.51
16.64,100.8,2.98
58.66,176.4,1.06
55.73,61.6,5.9
22.37,165.2,1.98
79.58,128.8,5.77
103.12,42,2
18.74,165.2,3.63
45.9,47.6,6.39
172.31,64.4,3.84
120.21,176.4,4.59
20.51,140,1.73
184.19,128.8,1.68
129.78,176.4,5.7
181.68,112,4.67
180.4,84,4.7
156.29,64.4,4.19
150.09,109.2,4.39
179.83,128.8,4.36
170.88,2.8,3.18
160.48,64.4,5.06
149.86,47.6,2.62
177.25,128.8,2.58
135.48,176.4,4.36
148.19,109.2,1.9
154.63,2.8,1.57
144.85,109.2,3.34
175.24,112,6.44
185.87,128.8,3.64
134.97,92.4,6.74
100.27,148.4,6.4
158.8,128.8,6.53
112.8,75.6,5.83
11.31,89.6,3.3
70.2,120.4,5.86
46.14,140,6.8
22.46,11.2,6.88
52.94,140,6.37
29.34,11.2,6.74
93.72,145.6,6.73
96.48,151.2,3.81
77.14,151.2,6.83
100.29,151.2,3.18
161.51,30.8,2.74
75.26,156.8,2.3
111.08,126,3.75
178.22,126,1.79
157.48,75.6,5.27
162.75,75.6,2.69
165.44,75.6,1.82
107.35,126,3.73
180.23,47.6,4.79
173.72,98,6.76
182.76,109.2,2.49
38.53,44.8,3.91
175.91,109.2,6.85
152.98,86.8,3.79
180.99,100.8,6.62
151.4,123.2,2.78
163.88,120.4,5.44
160.3,5.6,6.4
61.22,53.2,6.67
27.62,86.8,1.74
99.67,123.2,2.73
25.6,44.8,5.49
160.32,120.4,3.56
112.36,39.2,3.32
19.72,44.8,5.88
71.09,39.2,4.05
134.47,123.2,3.17
154.93,120.4,5.39
125.62,165.2,4.8
174.58,126,3.64
113.95,168,6.67
122.52,44.8,3.99
154.18,123.2,4.71
139.28,170.8,4.63
160.36,126,2.46
176.19,50.4,4.22
166.35,123.2,4.69
167.26,75.6,3.94
154.82,84,4.63
159.45,84,2.83
133.81,170.8,5.47
134.4,67.2,4.5
160.4,100.8,4.32
156.55,100.8,3.85
154.26,100.8,2.29
67.89,53.2,2.03
75.14,39.2,3.34
94.79,151.2,1.69
32.82,123.2,5.24
100.45,145.6,4.06
76.06,120.4,2.77
69.92,53.2,4.84
103.63,126,3.72
3.07,100.8,2.43
1.36,89.6,4.07
67.14,120.4,3.06
5.43,89.6,5.88
31.8,8.4,4.68
0,8.4,1.67
85.9,36.4,2.7
83.97,151.2,4.32
131.17,70,4.98
113.55,137.2,6.34
86.89,39.2,5.2
168.97,165.2,1.4
169.02,112,6.22
128.56,117.6,2.25
141.79,70,6.75
114.29,106.4,3.5
159.34,42,3.03
134.07,151.2,6.7
150.69,67.2,2.27
163.59,98,3.97
182.34,126,5.32
144.58,173.6,3.08
136.99,117.6,4.34
122.92,137.2,4.02
140.77,151.2,3.04
186.35,112,1.46
101.67,137.2,4.34
110.27,145.6,5.04
55.69,168,1.54
29.16,67.2,6.63
80.58,5.6,3.01
27.87,75.6,3.76
80.69,53.2,4.68
0,95.2,3.44
61.84,140,3.14
35.79,67.2,3.04
108.99,0,2.67
51.62,168,4.07
78.44,53.2,2.25
0,89.6,1.36
45.72,98,2.28
21.9,78.4,6.14
117.65,140,3.11
155.74,25.2,3.21
148.6,98,3.34
164.04,131.6,1.37
130.81,117.6,6.18
137.11,134.4,2.74
148.2,145.6,3.63
144.63,98,3.97
155.34,106.4,4.93
124.55,117.6,4.01
167.53,81.2,2.92
125.17,131.6,1.41
148.97,78.4,3.99
130.51,11.2,5.11
144.23,145.6,3.97
130.33,0,5.13
131.17,140,3.94
130.76,131.6,4.6
158.65,89.6,4.34
156.59,89.6,2.06
154.19,89.6,2.4
143.87,131.6,2.23
126.58,131.6,4.18
173.5,70,4.92
135.11,140,1.63
158.75,16.8,2.93
160.04,134.4,2.45
132.23,19.6,6.04
151.74,14,4
144.16,126,2.72
156.27,56,2.05
162.93,56,2.85
120.62,168,5.63
164.56,28,3.85
149.28,0,2.61
135.36,131.6,3.5
157.56,92.4,6.75
181.23,131.6,6.11
149.52,117.6,6.59
140.21,89.6,4.42
102.42,106.4,1.36
156.23,134.4,3.81
123.57,106.4,3.26
186.34,117.6,4.06
118.74,156.8,5.37
143.12,134.4,3.32
168.83,58.8,1.28
165.59,156.8,3.92
168.49,25.2,5.84
158.32,56,4.61
137.64,123.2,4.04
162.73,142.8,4.41
165.54,64.4,1.08
151.83,106.4,3.51
171.2,75.6,5.25
64.02,16.8,6.14
56.48,2.8,3.76
183.6,16.8,1.7
85.13,28,6.27
70.16,16.8,6.96
0,2.8,3.36
86,5.6,6.73
15.8,117.6,5.18
83.59,5.6,2.41
60.24,2.8,5.25
153.82,64.4,2.47
50.49,75.6,4.3
3.93,131.6,2.89
79.86,140,3.08
82.94,140,5.49
73.75,140,6.11
65.49,2.8,3.69
67.93,5.6,4.61
66.31,14,5.15
71.46,14,3.63
75.09,14,1.97
162.28,84,5.85
24.28,75.6,3.59
1.21,0,6.71
0,0,1.21
92.73,5.6,4.3
77.97,5.6,2.61
23.03,75.6,1.25
90.6,44.8,1.48
84.8,44.8,5.8
95.37,137.2,6.3
139.56,159.6,6.38
163.88,8.4,2.5
64.98,140,6.49
6.82,131.6,4.87
105.92,0,3.07
119.47,173.6,3.67
95.89,58.8,3.68
31.21,84,3.43
56.09,98,2.67
1.54,16.8,4.14
0,16.8,1.54
92.66,8.4,3.35
146.44,134.4,4.94
98.94,0,6.98
24.67,84,6.54
59.65,47.6,4.12
16.33,151.2,5.37
164.34,151.2,4.11
168.45,151.2,2.59
167.99,145.6,5.85
73.6,8.4,3.19
155.74,14,5.69
115.31,145.6,1.81
162.82,126,3.97
152.27,8.4,4.83
159.22,173.6,2.15
175.86,165.2,2.67
12.29,145.6,2.39
144.68,67.2,6.01
162.91,25.2,3.89
164.26,173.6,2.07
167.89,95.2,6.48
158.95,25.2,1.71
93.8,126,3.91
104.58,151.2,2.63
174.37,95.2,5.6
93.39,131.6,6.78
74.76,53.2,3.68
3.44,95.2,6.35
148.47,30.8,6.28
9.79,95.2,2.88
97.71,126,4.37
103.47,151.2,1.11
156.95,95.2,5
0,86.8,1.6
40.41,95.2,6.53
109.04,145.6,1.23
58.85,67.2,5.11
9.47,47.6,3.67
87.14,22.4,5.27
112.77,134.4,1.92
144.27,106.4,5.86
65.3,106.4,3.1
54.37,159.6,2.4
171.04,151.2,6.51
54.8,58.8,1.14
66.59,25.2,2.01
42.8,58.8,3.08
66.82,112,5.2
177.27,58.8,6.88
19.11,19.6,3.8
53.95,165.2,6.92
10.35,33.6,3.9
141.68,123.2,1.44
8.19,159.6,1.85
177.47,25.2,5.16
66.18,151.2,4.47
127.58,151.2,6.49
87.84,72.8,6.16
113.38,33.6,4
71.51,168,2.33
140.12,11.2,1.37
99.11,86.8,6.34
114.36,140,1.68
7.09,159.6,1.1
93.72,176.4,2.89
52.29,47.6,3.53
76.31,19.6,1.22
20.23,176.4,3.36
167.44,112,1.58
0,140,3.05
163.06,0,2.1
77.67,165.2,1.31
97.87,165.2,2.74
78.32,70,2.05
109.01,47.6,4.46
25.66,100.8,3.37
141.8,39.2,3.3
55.91,92.4,4.98
120.76,140,6.49
69.52,36.4,4.19
85.75,165.2,6.58
34.6,151.2,6.96
141.59,8.4,1.94
55.73,19.6,2.95
98.41,134.4,1.92
30.32,47.6,2.34
15.55,159.6,5.68
177.92,33.6,2.85
93.69,117.6,6.83
27.54,25.2,6.14
30.95,148.4,1.29
28.55,165.2,1.18
50.01,67.2,6.18
5.16,70,5.96
157.11,50.4,3.56
35.31,148.4,4.18
39.68,50.4,5.53
131.35,159.6,3.39
117.65,142.8,2.79
84.16,16.8,2.18
69.97,67.2,4.23
8.09,2.8,4.47
38.06,123.2,2.38
11.01,67.2,2.39
51.21,151.2,6.73
22.16,25.2,5.38
3.08,117.6,3.31
21.23,159.6,2.72
62.27,142.8,2.74
0,56,6.8
80.36,14,1.41
137.29,165.2,4.78
101.55,134.4,5.46
24.68,47.6,5.64
100.33,134.4,1.22
95.24,134.4,3.17
78.94,42,3.35
19.38,47.6,1.45
82.29,42,6.89
79.05,47.6,5.78
79.92,148.4,3.4
89.18,42,4.58
91.55,134.4,3.69
32.66,47.6,1.6
42.03,142.8,3.75
12.4,58.8,6.86
149.68,165.2,4.6
81.77,14,5.01
37.15,11.2,4.17
47.27,151.2,3.94
99.94,142.8,3.66
17.75,25.2,4.41
23.18,86.8,4.44
45.95,106.4,5.4
69.31,19.6,3.85
5.08,134.4,4.1
19.26,58.8,3.21
22.47,58.8,5.62
32.24,148.4,3.07
102.51,81.2,4.16
73.52,58.8,3.7
31.82,95.2,4.42
158.2,98,5.39
73.16,19.6,3.15
178.55,30.8,6.33
140.35,98,4.28
103.95,8.4,4.37
20.18,86.8,3
7.92,0,6.72
9.31,98,1.64
115.69,109.2,5
0,64.4,6.58
8.09,176.4,4.75
36.23,28,6.7
43.94,106.4,2.01
10.04,159.6,5.51
56.41,142.8,4.42
63.76,19.6,5.55
27.09,148.4,2.17
173.36,39.2,2.24
169.38,117.6,3.94
173.14,8.4,4.27
36.08,11.2,1.07
175.9,42,2.15
66.41,11.2,4.87
172.92,33.6,5
41.18,106.4,2.76
54.13,25.2,4.52
45.78,142.8,6.84
15.88,11.2,6.58
10.92,25.2,1.47
103.6,142.8,2.31
89.32,148.4,3.9
67.21,134.4,5.64
6.86,78.4,5.93
187.46,42,2.27
52.62,142.8,3.79
144.63,89.6,5.52
181.05,39.2,2.15
89.12,25.2,3.06
162.99,89.6,4.88
9.46,11.2,6.42
45.98,173.6,3.3
45.21,50.4,1.43
6.04,67.2,4.97
0,14,4.81
33.69,28,2.54
0,112,3.55
23.95,159.6,1.04
183.2,39.2,6.76
10.13,112,1.61
12.79,78.4,5.97
111.84,123.2,2.51
65.01,142.8,5.45
65.16,137.2,4.66
71.47,140,2.28
169.39,33.6,3.53
3.36,2.8,4.73
127.44,159.6,3.91
48.2,64.4,4.22
84.83,47.6,2.97
11.92,64.4,6.93
114.35,123.2,2.36
20.83,28,6.11
20.82,120.4,1.51
30.41,30.8,1.68
28.09,58.8,5.39
92.78,120.4,5.14
1.21,53.2,2.61
18.56,176.4,1.67
34.13,5.6,5.87
79.84,11.2,3.27
24.01,30.8,6.4
83.11,11.2,6.74
29.87,16.8,1.98
86.34,16.8,2.53
80.87,72.8,6.97
29.26,148.4,1.69
0,53.2,1.21
12.84,176.4,4.18
29.1,22.4,3.69
89.85,11.2,5.69
67.43,170.8,4.92
62.68,170.8,4.75
56.49,128.8,6.21
47.07,128.8,5.78
59.05,170.8,3.63
103.6,22.4,3.44
43.67,128.8,3.4
99.1,22.4,4.5
169.51,156.8,2.23
0,70,5.16
174.14,61.6,4.75
75.07,173.6,3.26
134.47,89.6,5.74
21.05,70,5.63
142.07,95.2,3.59
73.93,173.6,1.14
145.94,159.6,1.44
109.43,22.4,3.5
168,56,1.64
175.79,22.4,3.69
95.83,33.6,6.29
0,72.8,1.53
7.9,72.8,6.93
36.02,176.4,4.88
161.37,165.2,1.47
6.41,50.4,4.66
126.51,44.8,5.27
93.71,170.8,5.41
171.71,128.8,1.43
44.03,2.8,4.17
182.78,44.8,3.9
72.35,170.8,1.75
118.04,98,6.92
52.53,123.2,6.08
136.31,95.2,5.76
0,148.4,3.46
132.63,95.2,1.38
0,98,4.37
147.38,159.6,5.5
89.51,33.6,6.32
188,95.2,1.82
72.63,30.8,4.99
52.85,128.8,3.64
92.41,22.4,6.69
62.7,128.8,5.22
1.53,72.8,6.37
140.65,142.8,6.05
6.83,58.8,5.57
131.78,44.8,5.01
18.49,148.4,4.06
155.59,128.8,3.21
49.18,0,5.58
158.46,19.6,5.94
86.51,123.2,5.94
15.11,19.6,4
141.33,117.6,3.86
96.17,159.6,1.22
92.37,170.8,1.34
172.29,30.8,6.26
5.46,159.6,1.63
92.33,165.2,3.28
56.19,67.2,2.66
113.47,47.6,6.35
52.11,165.2,1.84
134.19,114.8,5
53.74,14,6.33
170.94,30.8,1.35
78.21,61.6,6.8
116.66,176.4,3.55
43.76,170.8,1.9
176.02,11.2,3.47
45.37,53.2,1.42
89.63,159.6,6.54
93.18,173.6,4.98
144.45,47.6,5.41
4.87,148.4,6.9
136.48,137.2,5.03
46.05,70,5.03
108.08,61.6,5.15
47.68,165.2,4.43
80.64,98,5.69
44.14,19.6,2.25
179.48,22.4,6.05
80.54,2.8,4.39
118.2,89.6,5.02
32.74,128.8,6.4
178.4,16.8,1.42
113.59,0,4.28
89.38,2.8,6
35.94,39.2,2.39
99.16,11.2,2
0,159.6,5.46
125.12,103.6,6.27
19.63,53.2,4.74
182.21,64.4,2.11
12.68,140,1.13
110.09,170.8,4.21
85.37,53.2,4.31
83.82,56,5.32
65.25,95.2,3.93
169.32,120.4,1.75
56.15,56,2.33
114.3,170.8,3.72
37.96,145.6,6.88
118.02,170.8,6.06
60.07,14,1.3
89.14,56,1.73
94.2,128.8,3.74
142.04,173.6,2.54
53.34,56,2.81
164.18,137.2,4.45
44.84,145.6,1.63
104.72,11.2,4.71
40.27,36.4,5.47
163.73,33.6,5.66
60.89,92.4,3.62
113.71,103.6,6.8
44.21,70,1.84
180.22,72.8,3.06
9.93,140,2.75
145.21,103.6,3.75
69.88,162.4,5.06
155.66,81.2,5.49
59.07,154,6.77
129.9,162.4,1.61
54.76,0,2.44
110.04,33.6,3.34
91.9,173.6,1.28
170.67,137.2,6.04
41.6,78.4,4.16
151.85,19.6,4.32
89.89,58.8,6
143.56,86.8,6.61
6.32,173.6,4.36
146.9,19.6,4.95
46.79,53.2,1.8
103.78,106.4,5.4
90.44,170.8,1.93
177.26,36.4,3.12
64.77,159.6,4.31
131.51,162.4,2.22
17.4,53.2,2.23
101.12,39.2,5.27
78.58,170.8,1.55
152.05,120.4,1.34
55.93,64.4,3.78
162.3,28,2.26
96.01,8.4,6.23
124.08,170.8,6.44
17.53,131.6,4.85
163.89,14,2.24
49.57,56,3.77
118.4,131.6,4.85
84.98,170.8,2.64
152.96,78.4,3.43
117.02,162.4,1.01
123.25,131.6,1.92
48.2,2.8,5.33
118.24,50.4,1.52
48.26,176.4,6.25
168.69,109.2,4.54
45.76,78.4,1.91
178.88,19.6,6.98
77.2,67.2,1.86
98,106.4,4.42
51.83,170.8,1.52
152.83,11.2,3.27
42.43,53.2,2.94
102.7,11.2,2.02
43.51,39.2,2.99
101.16,11.2,1.54
24.96,145.6,3.5
110.4,112,1.17
52.3,5.6,5.4
96.5,61.6,4.67
50.73,162.4,2.53
136.74,140,4.84
36.22,53.2,2.14
129.73,72.8,4.14
72.03,126,3.04
143.39,137.2,5.39
30.36,53.2,5.86
160.62,170.8,2.52
46.47,145.6,3.11
109.43,11.2,4.96
29.37,39.2,6.57
101.69,16.8,6.54
28.46,145.6,3.54
100.32,114.8,6.52
45.79,5.6,6.51
89.68,53.2,5.16
17.02,176.4,1.54
168.63,137.2,2.04
52.3,61.6,3.43
118.99,70,3.01
69.83,131.6,4.29
148.59,112,5.27
38.36,53.2,4.07
134.74,159.6,4.82
23.6,162.4,3.8
95.38,2.8,6.35
40.89,39.2,2.62
109.8,5.6,6.41
47.73,114.8,2.1
113.49,114.8,6.1
42.2,2.8,1.83
101.17,61.6,6.91
46.81,162.4,3.92
144.91,140,5.89
46.12,61.6,6.18
122.15,67.2,2.64
75.07,126,4.7
139.85,134.4,3.27
61.63,61.6,4.82
160.06,137.2,4.12
20.9,162.4,2.7
141.58,140,3.33
89.25,137.2,4.02
108.71,159.6,5.31
75.17,98,5.47
110.24,131.6,4.14
0,30.8,4.21
63.39,5.6,1
25.91,33.6,6.96
11.87,56,2.31
51.15,8.4,1.88
77.56,56,1.93
115.71,56,1.68
125.63,47.6,2.66
127.28,33.6,2.43
119.76,50.4,3.83
46.77,89.6,5.34
69.08,159.6,3.88
54.1,89.6,4.32
0,137.2,4.12
58.13,95.2,2.36
55.82,47.6,3.83
57.7,5.6,5.69
83.48,58.8,6.41
19.87,56,2.55
70.07,44.8,3.54
74.18,56,3.38
161.43,14,2.46
184.32,64.4,3.14
135.66,30.8,3.25
133.3,30.8,2.36
26.48,159.6,3.69
100.23,162.4,3.04
24.67,134.4,4.57
107.01,134.4,1.02
19.37,134.4,5.3
8.6,36.4,2.97
75.31,84,1.2
29.84,36.4,6.78
85.24,75.6,6.77
23.29,2.8,4.87
160.78,36.4,5.27
110.94,56,4.77
124.64,72.8,1.14
124.35,28,1.23
106.98,28,6.6
75.67,131.6,4.1
36.73,126,4.21
79.77,126,6.05
86.12,154,2.72
79.77,131.6,3.81
158.96,154,3.07
170.58,86.8,5.08
152.58,114.8,5.3
180.76,145.6,4.67
150.35,114.8,2.23
111.57,112,2.78
119.34,134.4,3.63
92.13,106.4,5.87
105.83,156.8,5.65
143.91,170.8,6.53
66.64,75.6,6.87
72.53,81.2,4.46
71.85,58.8,1.67
88.28,67.2,3.04
59.13,72.8,4.02
184.15,58.8,1.07
148.95,11.2,3.88
176.98,67.2,4.11
179.49,11.2,3.52
184.18,42,3.28
32.33,159.6,5.34
18.53,98,2
38.87,142.8,3.16
0,134.4,2.37
46.05,86.8,3.66
166.11,154,1.69
97.63,98,6.3
157.88,114.8,6.11
97.39,159.6,6.65
167.55,114.8,5.64
72.23,176.4,4.61
72.96,159.6,1.4
120.6,30.8,2.2
118.03,162.4,2.18
129.63,114.8,1.06
11.07,50.4,6.21
125.49,58.8,2.02
44.38,154,4
105.66,140,6.72
71.81,78.4,4.57
117.65,30.8,2.95
69.07,42,3.71
115.88,117.6,4.48
40.44,123.2,4.63
128.15,30.8,5.15
65.44,39.2,1.46
133.73,162.4,4.52
78.98,165.2,3.26
184,33.6,4.57
86.78,109.2,1.17
146.43,120.4,5.62
0,44.8,1.51
127.51,58.8,6.53
48.38,154,2.65
155.16,140,2.25
95.25,75.6,3.72
168.21,8.4,1.22
52.42,64.4,3.51
138.02,145.6,6.21
45.07,123.2,4.86
133.65,36.4,3.23
60.49,42,4.14
135.98,78.4,1.56
63.49,81.2,3.81
115.07,8.4,3.01
34.05,98,6.75
95.61,165.2,2.26
80.37,70,1.34
152.75,56,3.52
32.43,98,1.62
163.99,114.8,3.56
76.38,78.4,3.01
110.45,78.4,2.75
58.42,89.6,2.16
158.29,112,3.08
76.27,11.2,3.57
156.08,112,2.21
12.7,168,5.78
161.37,112,4.72
83.45,84,1.81
110.06,75.6,2.74
60.58,89.6,4.46
132.06,154,5.42
52.22,42,1.54
153.86,112,2.22
24.99,159.6,1.49
108.3,42,3.98
67.3,81.2,2.13
137.38,28,6.93
68.4,106.4,2.55
127.52,168,3.71
73.51,75.6,1.62
159.8,58.8,3.47
60.57,159.6,2.56
123.14,173.6,3.85
105.3,168,3.6
147.65,25.2,5.11
67.31,165.2,6.68
131.03,100.8,5.15
42.04,8.4,1.95
182.63,25.2,1.49
63.13,159.6,1.64
112.38,140,1.98
75.55,25.2,4.51
169.43,8.4,1.45
74.2,67.2,1.47
140.49,148.4,1.69
9.45,117.6,6.35
175.34,14,3.73
58.86,39.2,6.58
108.32,165.2,6.93
72.9,106.4,5.28
165.16,0,2.97
87.95,109.2,5.69
148.96,103.6,2.51
18.94,5.6,6.77
124.34,58.8,1.15
58.74,159.6,1.83
162.49,134.4,5.68
83,28,2.13
181.03,14,5.45
81.92,75.6,3.32
120.36,117.6,4.19
27.02,131.6,3.43
179.07,14,1.96
77.3,44.8,5.02
68.61,176.4,3.62
70.95,106.4,1.95
180.77,33.6,3.23
73.99,165.2,3.68
109.18,106.4,5.11
43.99,8.4,1.59
169.23,42,2.18
86.23,156.8,6.6
166.09,112,1.35
68.6,25.2,6.95
183.01,11.2,3.37
80.17,33.6,4.22
137.48,154,4.24
6.39,117.6,3.06
173.88,19.6,2.78
59.05,42,1.44
128.33,50.4,2.37
96.56,67.2,3.09
113.28,8.4,1.79
28.01,140,2.75
130.57,123.2,3.9
25.71,5.6,6.47
102.82,53.2,5.11
39.49,148.4,5.34
157.41,140,2.76
4.95,25.2,5.97
142.7,33.6,6.65
40.8,98,3.64
150.13,106.4,1.7
86.78,14,1.49
158.61,137.2,1.45
42.4,162.4,4.41
137.88,64.4,5.9
56.54,11.2,3.06
126.13,64.4,3.75
64.19,109.2,5.9
147.16,128.8,6.1
66.06,84,3.76
99.48,53.2,3.34
58.99,109.2,3.15
176.71,137.2,4.53
0,25.2,4.95
96.2,84,6.2
46.01,92.4,4.52
127.25,140,3.92
71.28,11.2,4.99
165.41,131.6,1.42
37.67,159.6,2.32
129.88,64.4,6.05
65.36,64.4,5.68
135.93,64.4,1.95
62.14,109.2,2.05
126.25,168,1.27
76.99,81.2,1.84
94.84,53.2,4.64
55.61,109.2,3.38
150.8,140,4.36
6.63,19.6,1.61
113.2,78.4,4.72
41.15,92.4,4.86
163.3,123.2,3.05
50.65,39.2,5.1
173.57,142.8,1.41
22.08,156.8,5.49
167.14,142.8,1.2
85.26,137.2,3.99
173.32,117.6,6.75
136.67,142.8,3.98
124.11,156.8,1.67
4.87,36.4,3.73
34.26,47.6,5.61
24.83,36.4,5.01
5.16,53.2,1.26
7.65,30.8,5.65
182.45,61.6,5.82
109.06,56,1.88
136.79,44.8,5.07
116.53,36.4,4.32
141.86,44.8,3.06
44.32,89.6,2.45
92.83,156.8,3.01
92.45,123.2,2.07
74.36,137.2,4.22
49.71,86.8,4.35
73.61,44.8,3.69
64.39,5.6,3.54
77.22,58.8,6.26
14.18,56,5.69
66.6,50.4,2.59
108.29,58.8,6.18
169,19.6,4.88
163.27,58.8,5.56
170.56,11.2,5.46
160.76,11.2,5.09
20.98,117.6,6.15
98.67,162.4,1.56
33.28,142.8,5.59
82.09,154,4.03
39.67,106.4,1.51
2.16,42,2.63
58.73,22.4,5.5
19.72,30.8,1.81
93.63,81.2,1.58
38.42,33.6,1.54
164.82,39.2,1.15
133.32,61.6,3.93
121.84,72.8,2.8
125.58,28,4.75
109.37,36.4,4.57
54.06,86.8,1.25
64.37,123.2,6.31
67.65,86.8,4.73
37.4,131.6,4.18
70.68,123.2,3.04
106.84,114.8,6.65
139.19,114.8,4.09
171.07,120.4,5.91
129.67,112,6.71
143.28,114.8,1.21
125.85,123.2,4.72
127.89,100.8,3.14
110.73,103.6,2.98
130.69,114.8,3.5
151.6,168,2.75
60.98,75.6,5.66
54,22.4,4.73
66.45,61.6,4.4
81.7,67.2,6.58
54.79,75.6,6.19
178.89,61.6,3.56
172.84,16.8,5.56
171.26,67.2,5.72
122.8,30.8,5.35
166.84,47.6,6.13
30.17,159.6,2.16
29.97,103.6,3.71
22.38,131.6,2.07
2.37,134.4,1.14
35.93,89.6,4.24
132.39,120.4,5.37
114.69,134.4,4.65
108.01,103.6,2.72
138.91,103.6,6.3
120.1,100.8,3.61
114.02,159.6,1.68
21.63,2.8,1.66
125.64,61.6,5.39
53.46,131.6,2.21
141.23,162.4,6.07
55.76,84,3.58
182.57,42,1.61
40.97,103.6,1.34
59.34,84,3.56
47.5,131.6,5.96
29.03,100.8,5.75
51.08,70,6.55
178.05,42,4.52
40.17,89.6,4.15
152.78,131.6,4.41
16.81,2.8,4.82
177.28,168,4.3
11.52,134.4,4.4
160.53,33.6,3.2
83.03,134.4,2.85
87.07,159.6,2.56
3.8,170.8,1
103.81,19.6,4.65
76.27,89.6,1.61
160.93,0,2.13
57.23,168,1.32
174.11,168,3.17
7.19,170.8,4.31
74.36,159.6,3.36
22.55,148.4,4.54
114.88,2.8,3.54
90.17,162.4,4.46
179.07,173.6,3.62
26.96,142.8,1.43
172.89,22.4,2.9
80.55,134.4,2.48
80.08,159.6,6.99
15.92,134.4,3.45
137.25,16.8,6.24
57.2,0,2.16
154.18,0,2.86
54.25,148.4,5.68
171.33,168,2.78
59.36,0,2.43
77.72,159.6,1.18
41.56,151.2,4.25
118.42,2.8,4.53
61.79,0,4.01
41.58,131.6,5.92
78.83,120.4,5.64
72.16,28,5.53
56.75,100.8,5.41
58.68,19.6,5.08
0,19.6,6.63
147.3,162.4,4.1
53.27,58.8,1.53
159.25,5.6,1.05
0,128.8,2.94
150.17,86.8,1.52
41.25,56,6.37
79.49,56,4.33
28.41,168,5.06
170.88,8.4,2.26
26.6,22.4,2.5
154.84,5.6,4.41
10.33,106.4,3.91
106.4,92.4,5.81
24.37,53.2,3.32
110.27,53.2,6.88
31.54,173.6,6.28
112.21,92.4,3.71
148.62,5.6,6.22
7.5,162.4,6.74
50.18,112,6.85
14.83,72.8,4.36
150.94,39.2,4.89
14.24,162.4,6.66
11.27,53.2,6.13
182.28,16.8,1.32
15.25,123.2,5.95
115.92,92.4,1.84
43.28,86.8,1.06
119.58,61.6,4
25.37,173.6,6.17
173.5,44.8,3.94
1.52,33.6,2.46
113.23,61.6,6.35
5.95,106.4,4.38
145.19,117.6,3.18
36.48,61.6,4.16
143.48,75.6,4.44
19.33,173.6,6.04
113.95,89.6,4.25
0,173.6,2.36
139.91,50.4,4.22
19.19,72.8,5.16
88.43,140,4.59
0,170.8,3.8
120.38,25.2,6.11
110.98,50.4,3.11
181.25,159.6,3.58
166.8,25.2,1.69
112.34,137.2,1.21
20.28,0,5.33
79.8,64.4,4.27
104.11,44.8,1.25
184.83,159.6,1.03
27.2,64.4,4.66
135.77,47.6,4.99
39.87,47.6,6.03
84.39,33.6,5.12
27.69,53.2,2.67
49.83,114.8,3.16
73.71,36.4,1.93
161.04,86.8,3.38
37.99,30.8,6.36
127.5,8.4,5.28
43.98,42,1.95
136.18,100.8,6.49
99.65,67.2,3.77
126.46,0,3.87
40.48,42,3.5
156.77,86.8,4.27
47.09,33.6,4.45
118.08,8.4,5.67
77.61,36.4,4.92
151.47,103.6,4.13
75.64,36.4,1.97
101.73,2.8,2.11
45.88,58.8,3.53
0,67.2,6.04
84.47,120.4,1.08
3.98,33.6,6.37
36.48,8.4,5.56
36.11,58.8,6.69
55.26,106.4,3.78
125.2,92.4,6.07
18.6,120.4,2.22
175.23,100.8,5.76
3.46,148.4,1.41
144.49,114.8,5.86
24.71,168,3.7
103.52,120.4,3.16
8.89,142.8,4.04
102.97,36.4,6.4
9.54,128.8,1.39
122.81,92.4,2.39
10.93,128.8,2.26
119.47,58.8,3.8
21.82,168,2.89
92.84,98,4.79
55.33,44.8,3.51
131.27,92.4,1.41
83.05,30.8,2.16
114.09,50.4,1.91
49.41,58.8,3.86
174.11,89.6,1.41
103.42,67.2,1.77
178.3,142.8,4.39
56.77,159.6,1.97
122.5,95.2,3.18
77.62,30.8,5.43
116,50.4,2.24
20.14,16.8,5.56
175.52,89.6,1.15
71.04,64.4,2.03
182.69,142.8,6.62
92.41,70,3.63
60.83,112,5.99
0,61.6,2.7
130.7,50.4,1.11
88.6,36.4,1.93
102.59,70,2.67
6.32,168,6.38
132.6,53.2,2.15
13.4,67.2,6.96
128.32,142.8,2.02
0,168,6.32
107.47,70,5.6
100.9,44.8,3.21
175.46,159.6,5.79
134.73,50.4,5.18
122.12,142.8,6.2
28.16,2.8,6.59
103.02,72.8,4.52
87.8,47.6,1.65
169.73,159.6,5.73
23.66,64.4,3.54
144.13,50.4,2.4
163.26,162.4,6.18
171.57,5.6,1.51
96.79,56,6.54
139.73,106.4,4.54
132.97,81.2,5.25
103.33,56,1.66
122.36,84,1.83
124.79,67.2,1.22
121.29,84,1.07
152.31,75.6,5.17
93.61,25.2,3.47
25.05,39.2,4.32
85.26,173.6,6.64
65.56,30.8,1.88
24.37,120.4,1.86
110.56,173.6,4.25
77.88,89.6,4.16
15.75,128.8,6.34
93.74,16.8,1.96
167.23,159.6,2.5
0,114.8,4.69
67.52,176.4,1.09
44.98,176.4,3.28
61.9,176.4,5.62
161.12,159.6,6.11
164.83,176.4,3.3
67.85,8.4,5.75
168.34,142.8,5.23
78.48,39.2,3.12
54.1,98,1.99
26.58,61.6,3.28
2.84,131.6,1.09
35.36,14,4.83
109.5,176.4,3.92
168.75,92.4,1.89
151.69,86.8,1.29
121.09,0,5.37
166.3,22.4,2.72
39.99,159.6,5.49
141.71,92.4,3.54
132.27,25.2,1.5
181.09,67.2,4.96
104.04,159.6,4.67
171.87,140,2.45
179.2,131.6,2.03
62.67,98,5.25
166.7,5.6,4.87
174.92,81.2,1.88
125.68,95.2,6.95
158.86,44.8,3.17
150.11,28,5.34
145.66,95.2,5.9
124.96,98,6.37
151.56,95.2,5.39
132.68,92.4,2.29
172.67,92.4,5.77
178.44,92.4,3.18
137.57,98,2.78
116.4,72.8,5.44
172.04,39.2,1.32
170.64,92.4,2.03
120.92,11.2,4.73
127.41,89.6,2.32
129.73,89.6,2.31
84.93,2.8,4.45
162.03,44.8,3.32
122.95,2.8,6.84
186.02,50.4,2.22
45.48,159.6,5.3
103.93,98,2.19
117.87,0,3.22
135.46,0,6.44
50.78,159.6,3.59
140.81,173.6,1.23
176.67,89.6,1.15
127.19,19.6,5.04
159.76,159.6,1.36
106.12,98,2.45
103.66,30.8,1.38
155.6,103.6,4.02
88.87,16.8,4.87
163.87,70,4.3
87.62,170.8,2.82
161.9,103.6,2.91
147.37,11.2,1.58
133.22,137.2,2.02
180.79,140,4.36
65.8,0,2.25
127.57,36.4,4.39
93.91,14,5.39
123.12,128.8,3.39
131.03,61.6,2.29
131.33,98,2.38
73.07,64.4,5.16
157.89,72.8,5.8
158.73,126,1.63
155.08,50.4,2.03
149.89,123.2,1.51
159.62,103.6,2.28
108.57,98,4.57
141.49,11.2,5.88
164.81,103.6,3.4
178.55,2.8,3.14
113.14,98,4.9
102.59,89.6,5.01
150.34,70,1.62
162.02,109.2,6.67
117.79,106.4,5.78
0,47.6,5.61
105.19,67.2,3.93
159.48,67.2,2.74
163.69,72.8,6.33
59.72,176.4,2.18
157.76,109.2,4.26
6.79,47.6,2.68
162.22,67.2,3.42
114.81,173.6,4.66
89.52,112,1.58
68.05,0,6.08
131.96,36.4,1.69
63.28,165.2,4.03
136.88,36.4,5.43
166.13,14,3.56
143.12,123.2,6.77
41.71,70,2.5
112.28,42,6.6
85.85,168,2.71
180.51,89.6,1.24
169.69,14,4.46
168.17,134.4,2.73
141.6,25.2,6.05
0,92.4,6.39
143.41,84,2.82
22.33,120.4,2.04
118.63,75.6,2.65
169.64,56,5.3
156.11,117.6,4.47
146.53,50.4,5.31
118.88,42,5.55
181.75,89.6,4.48
142.67,100.8,5.74
179.54,86.8,5.97
170.24,106.4,4.94
175.18,106.4,5.38
165.85,11.2,4.71
160.27,106.4,6.49
154.4,36.4,6.38
164.4,19.6,4.6
166.76,106.4,3.48
174.15,14,1.19
154.74,126,3.99
160.58,117.6,3.76
36.53,72.8,1.96
140.76,47.6,3.69
122.68,75.6,6.69
129.37,75.6,5.45
79.63,168,6.22
157.19,131.6,6.85
31.19,72.8,5.34
134.82,75.6,3.35
77.91,168,1.72
173.23,109.2,1.55
35.33,64.4,5.28
110.6,84,2.33
104.7,173.6,5.86
99.51,36.4,3.46
120.69,109.2,5.72
142.07,165.2,5.63
98.58,168,6.72
139.4,162.4,1.83
25.86,123.2,6.96
147.44,8.4,1.82
154.25,72.8,3.64
130.42,165.2,6.87
123.59,50.4,1.82
102.24,8.4,1.71
134.63,28,2.75
152.76,25.2,2.98
95.94,140,4.74
91.1,112,2.4
144.92,44.8,6.29
180.41,50.4,5.61
100.68,140,3.7
129.03,25.2,3.24
132.23,5.6,6.46
133.77,25.2,3.93
102.12,33.6,2.33
129.79,2.8,3.53
151.96,70,5.64
138.69,5.6,6.12
116.71,123.2,6.25
94.5,36.4,5.01
133.32,2.8,1.53
84.77,39.2,2.12
148.78,137.2,4.34
151.21,44.8,4.94
93.24,168,5.34
174.81,47.6,5.42
112.99,156.8,5.75
104.38,140,1.28
27.13,117.6,5.1
153.12,137.2,1.18
88.56,168,4.68
111.48,156.8,1.51
21.2,123.2,4.66
147.23,64.4,6.59
63.75,36.4,5.77
135.62,11.2,4.5
161.06,2.8,3.51
158.07,165.2,3.3
121.76,33.6,5.52
96.61,176.4,4.67
4.54,39.2,6.05
101.98,30.8,1.68
87.23,117.6,6.46
109.45,2.8,5.43
87.63,30.8,2.44
125.65,11.2,4.86
154.3,137.2,4.31
168.13,176.4,2.67
115.12,100.8,1.34
141.93,168,4.42
156.45,142.8,2.7
114.39,11.2,6.53
169.68,100.8,5.55
146.24,2.8,3.12
129.02,14,2.2
144.56,14,1.51
164.57,2.8,6.31
138.17,14,6.39
180.56,106.4,5.87
176.21,103.6,4.27
90.07,30.8,1.57
103.84,2.8,5.61
107.72,14,4.36
119.77,33.6,1.99
180.48,103.6,5.56
113.58,28,1.92
116.89,165.2,3.89
115.25,165.2,1.64
10.59,39.2,4.99
149.36,2.8,5.27
131.22,14,2.6
130.67,22.4,3.71
80.91,117.6,6.32
101.28,176.4,6.42
15.58,39.2,3.25
129.42,22.4,1.25
74.01,117.6,5.3
151.83,145.6,5.59
154.28,165.2,3.79
117.38,33.6,2.39
60.19,114.8,6.12
168.41,28,6.47
138.39,58.8,4.6
170.02,72.8,3.31
66.31,114.8,5.02
131.22,137.2,2
79.23,2.8,1.31
134.84,42,2.35
113.25,148.4,4.17
174.98,142.8,3.32
119.09,5.6,4.79
182.35,170.8,4
139.26,86.8,4.3
170.8,176.4,6.83
126.94,137.2,4.28
116.04,140,1.61
183.28,72.8,2
132.34,128.8,1.12
120.71,151.2,5.78
145.71,42,3.41
130.77,5.6,1.46
138.82,39.2,2.98
174.88,28,6.62
130.33,28,4.3
121.28,56,6.58
108.46,19.6,2.54
130.34,142.8,6.33
181.5,28,3.66
176.66,19.6,2.22
106.67,148.4,6.58
178.42,70,1.75
180.17,70,3.01
72.02,112,2.26
122.92,126,4.1
147.7,165.2,1.98
112.52,154,3.28
111.66,0,1.93
173.33,72.8,6.89
71.33,114.8,6.03
115.7,159.6,6.61
75.5,2.8,3.73
123.88,5.6,2.91
138.85,61.6,2.09
101.08,89.6,1.51
128.29,47.6,2.65
156.15,44.8,2.71
130.94,47.6,1.64
175.72,0,5.29
0,142.8,3.54
165.33,128.8,4.06
57.78,81.2,2.63
183.18,70,3.58
180.01,126,2.33
132.04,89.6,2.43
177.41,8.4,5.09
59.81,8.4,5.3
153.26,128.8,1.15
60.83,142.8,1.44
157.42,145.6,4.34
106.01,170.8,1.69
131.81,50.4,2.92
167.56,98,6.16
171.04,123.2,1.01
176.45,75.6,4.12
186.05,67.2,2.2
180.57,75.6,2.16
90.87,56,5.92
130.04,42,3.7
119.55,56,1.73
137.19,42,1.94
164.31,92.4,4.44
124.43,42,5.61
121.6,53.2,3.86
158.89,123.2,4.41
181.69,2.8,5.1
132.58,47.6,3.19
0,145.6,3.79
184.51,95.2,3.49
138.38,112,6.28
172.05,123.2,2.75
35.22,75.6,2.07
186.79,2.8,1.91
0,154,6.03
136.38,112,2
42.41,75.6,4.6
181.01,0,2.59
10.22,145.6,2.07
146.1,131.6,6.68
47.01,75.6,3.48
94.49,64.4,5.77
91.64,64.4,2.85
115.89,14,5.92
52.11,89.6,1.99
118.69,128.8,4.43
54.6,30.8,5.77
174.06,2.8,4.49
181.62,92.4,2.8
143.53,8.4,3.91
113.07,70,1.02
14.61,89.6,5.57
175.29,156.8,1.44
79.95,86.8,4.1
126.51,128.8,5.83
109.44,128.8,5.62
135.68,16.8,1.57
131.93,170.8,1.88
78.9,159.6,1.18
168.13,0,4.07
156.1,11.2,4.66
172.2,0,3.52
89.66,64.4,1.98
143.18,53.2,2.18
141.32,53.2,1.86
139.05,53.2,2.27
162.03,154,4.08
91.42,84,4.78
115.49,67.2,2.75
128.44,120.4,2.01
121.81,14,5.25
147.46,58.8,6.09
61.61,86.8,6.04
131.62,56,3.47
166.83,131.6,6.47
124.38,162.4,5.52
93.76,42,2.65
90.49,19.6,2.79
57.03,86.8,4.58
82.24,165.2,3.51
77.84,42,1.1
125.78,72.8,3.95
46.94,95.2,1.34
170.37,165.2,5.49
82.53,36.4,3.37
153.39,120.4,1.54
156.39,78.4,1.49
166.44,50.4,4.19
125.46,53.2,3.64
165.34,168,5.99
148.41,100.8,3.56
130.41,81.2,2.56
128.8,81.2,1.61
105.53,103.6,2.48
108.81,64.4,5.2
118.56,16.8,5.38
138.59,8.4,3
167.53,16.8,1.83
176.8,81.2,3.15
117.15,53.2,1.89
55.66,28,6.19
78.33,173.6,6.93
182.75,165.2,2.65
84.5,81.2,2.93
69.18,2.8,1.67
145.36,53.2,5.24
107.04,22.4,2.39
31.24,89.6,4.69
80.28,100.8,6.08
156.2,2.8,4.86
72.61,2.8,2.89
40.33,165.2,4.11
76.6,154,5.49
152.12,61.6,6.6
26.57,98,5.86
166.92,145.6,1.07
59.04,106.4,6.26
49.22,39.2,1.43
67.44,30.8,5.19
14.88,84,3.96
10.08,154,3.7
85.55,120.4,1.27
96.6,92.4,2.67
146.88,126,4.68
18.47,142.8,1.35
31.31,14,4.05
96.34,154,5.37
126.49,25.2,2.54
110.67,86.8,4.4
35.48,30.8,2.51
151.21,154,5.06
151.94,98,6.26
66.9,39.2,4.19
125.24,70,4.81
29.47,154,6.72
137.7,25.2,3.9
0,75.6,6.47
114.74,25.2,5.64
23.99,154,5.48
52.5,50.4,6.71
105.26,70,2.21
103.1,75.6,6.96
119.89,137.2,3.03
20.36,67.2,5.22
117.92,78.4,6.51
85.3,25.2,3.82
102.13,103.6,3.4
48.76,50.4,3.74
81.32,25.2,3.98
103.27,162.4,1.34
21.41,95.2,4.98
16.86,109.2,3.95
18.55,95.2,2.86
12.8,42,6.93
142.18,148.4,2.96
14.5,112,5.81
159.15,142.8,3.58
67.92,128.8,4.19
42.31,103.6,2.62
36.87,140,4.33
168.33,86.8,2.25
20.68,114.8,5.15
176.73,156.8,3.78
32.97,131.6,4.43
102.88,131.6,4.23
61.62,131.6,5.48
58.55,168,4
180.38,36.4,6.06
62.55,168,6.08
109.74,151.2,5.59
68.63,168,2.88
171.87,36.4,5.39
106.99,50.4,3.99
93.27,137.2,2.1
81.18,103.6,3.74
62.05,36.4,1.7
22.65,100.8,3.01
107.43,95.2,2.59
39.96,33.6,3.13
6.85,123.2,5.16
104.63,58.8,3.66
98.27,50.4,4.01
110.38,162.4,6.64
0,58.8,4.41
79.37,103.6,1.81
26.05,42,1.1
80.06,25.2,1.26
91.32,67.2,3.97
32.56,56,2.96
27.39,109.2,4.82
99.57,58.8,5.06
93.64,109.2,3.64
23.02,39.2,2.03
0,162.4,4.63
11.16,42,1.64
154.68,42,4.66
173.58,162.4,6.02
33.93,106.4,5.74
3.55,112,2.24
173.66,173.6,5.41
72.85,134.4,5.62
64.03,33.6,6.39
47.4,137.2,2.02
182.69,173.6,2.11
60.37,30.8,5.19
79.64,142.8,3.42
0,131.6,1.22
180.51,156.8,3.77
0,106.4,5.95
101.66,25.2,5.86
21.27,106.4,6.47
37.29,75.6,5.12
54.47,173.6,3.38
11.69,131.6,3.77
