32.43,114.8,4.48
46.2,112,6.15
22.72,100.8,5.4
0,112,4.79
73.15,148.4,2.07
0,159.6,4.19
59.99,33.6,1.69
84.87,42,2.73
19.41,50.4,4.96
0,16.8,3.11
0,50.4,5.51
52.35,112,4.07
0,114.8,4.85
150.92,36.4,1.6
0,25.2,4.81
19.12,156.8,3.86
24.37,50.4,6.58
87.2,92.4,6.99
135.92,50.4,4.84
71.99,114.8,6.5
88.91,112,1.41
98.45,100.8,1.96
178.73,89.6,1.09
95.95,42,5.02
10.56,128.8,3.95
17.46,128.8,2.56
152.54,151.2,4.26
0,89.6,5.99
102.97,95.2,3.17
0,137.2,2.12
34.86,109.2,4.58
33.07,162.4,1
183.42,58.8,2.16
117.76,75.6,1.72
166.35,109.2,3.48
149.24,159.6,6.38
155.62,159.6,5.97
158.03,30.8,5.7
111.53,30.8,6.59
146.01,173.6,5.33
60.58,176.4,1.46
38.17,156.8,4.25
96.88,109.2,3.66
98.37,103.6,5.36
78.56,33.6,5.05
141.09,120.4,5.44
43.14,56,1.62
90.78,159.6,6.07
174.23,109.2,5.74
163.38,67.2,5.91
71.93,42,1.71
156.6,142.8,5
180.74,2.8,3.25
106.6,134.4,5.8
75.45,142.8,1.04
110.61,50.4,5.3
122.17,11.2,1.8
51.77,2.8,2.63
70.25,64.4,6.34
44.76,56,5.64
68.39,5.6,5.39
154.31,142.8,2.29
116.43,106.4,2.37
155.61,11.2,6.44
48.16,39.2,1.84
129.7,162.4,1.07
175.31,162.4,5.27
131.51,142.8,1.23
5.7,47.6,5.05
63.88,25.2,3.6
86.17,64.4,3.13
183.41,75.6,1.47
66.15,28,3.46
71.23,30.8,5.19
44.53,16.8,6.46
76.59,64.4,1.69
72.95,56,1.55
122.86,123.2,4.03
137.27,109.2,6.12
174.98,19.6,5.27
153.87,78.4,4.55
168.59,84,4.19
29.39,142.8,1.89
63.96,19.6,1.5
98.52,8.4,2.54
135.64,56,1.08
88.66,162.4,6.12
29.4,154,6.04
177.27,8.4,2.12
124.89,72.8,6.47
148.85,109.2,3.74
110.35,176.4,6.99
150.83,126,4.77
148.17,50.4,4.86
123.05,98,3.91
163.47,137.2,2.1
31.28,142.8,1.79
1.74,47.6,3.96
88.76,33.6,4.43
63.52,128.8,2.69
68.36,106.4,1.71
67.77,131.6,5.2
89.25,134.4,4.62
109.94,89.6,3.04
93.87,134.4,5.76
125.31,162.4,4.39
69.93,86.8,1.48
137.79,2.8,2.02
155.4,33.6,1.4
62.67,103.6,2.02
167.23,8.4,1.13
90.59,137.2,6.41
55.07,151.2,3.06
66.69,123.2,6.92
74.7,170.8,1.53
10.4,120.4,5.78
57.99,170.8,4.21
131.38,109.2,1.83
161.97,36.4,4.76
63.43,151.2,5.01
72.97,131.6,4.92
136.44,11.2,1.8
81.64,159.6,3.59
150.01,42,4.83
85.49,140,5.06
124.05,137.2,5.07
24.68,151.2,6.85
26.59,86.8,3.05
10.14,154,1.95
62.44,123.2,4.25
65.16,86.8,4.77
109.01,16.8,3.13
64.69,103.6,2.52
79.98,11.2,4.08
32.67,176.4,2.49
0,140,3
0,131.6,3.12
7.15,72.8,2.42
21.06,72.8,1.59
9.55,159.6,2.82
115.51,95.2,4.61
184.23,19.6,1.24
65.18,176.4,4.96
88.78,103.6,4.64
45.93,44.8,6.16
76.98,19.6,6.53
59.2,123.2,3.24
5.54,140,2.41
47.27,114.8,4.51
59.76,109.2,4.37
65.11,120.4,5.23
71.03,168,5.05
28.81,140,2.31
9.37,131.6,4.08
8.55,28,2.6
5.62,42,6.66
22.8,33.6,3.06
108.24,137.2,5.77
108.69,98,6
106.31,137.2,1.93
23.84,28,6.17
15.91,28,5.22
21.13,28,2.71
29.92,33.6,6.32
43.62,33.6,6.37
20.24,30.8,6.93
17.03,42,3.67
20.7,42,4.17
78.15,86.8,6.48
114.01,137.2,4.19
83.67,142.8,5.34
82.29,142.8,1.38
165.19,100.8,6.25
95.8,131.6,2.41
126.5,103.6,2.72
95.88,151.2,6.99
132.61,106.4,5.56
102.37,33.6,1.92
90.07,67.2,2.25
0,5.6,4.84
8.68,39.2,6.89
16.04,58.8,5.9
16.84,39.2,4.86
13.19,44.8,4.58
107.56,19.6,4.4
181.14,165.2,2.62
14.28,53.2,5.09
143.78,114.8,1.71
0,44.8,6.48
68.26,16.8,4.87
55.52,53.2,6.43
59.87,16.8,6.44
16.87,81.2,1.91
6.04,33.6,6.54
15.57,39.2,1.27
0,84,1.31
56.33,58.8,6.14
66.31,16.8,1.95
19.37,53.2,3.51
24.87,42,1.57
0,81.2,6.48
11.15,28,4.76
23.87,58.8,6.72
19.62,36.4,4.51
14.67,8.4,5.97
142.06,98,2.37
92.27,114.8,5.05
124.86,128.8,1.54
109.24,86.8,5.31
112.48,173.6,1.12
22.57,84,4.17
158.83,126,3.05
6.47,176.4,3.47
73.11,39.2,6.54
163.25,53.2,2.59
0,176.4,1.65
84.76,154,6.67
10.66,19.6,4.04
23.08,8.4,6.59
30.59,58.8,3.45
6,67.2,5.2
4.7,19.6,2.28
9.1,8.4,1.93
43.89,0,6.24
11.2,67.2,1.51
12.71,67.2,4.63
1.98,142.8,1.43
69.72,25.2,3.78
50,39.2,3.91
64.3,162.4,6.63
37.56,95.2,2.12
50.99,16.8,2.22
79.97,148.4,4.6
59.71,36.4,6.6
57.09,5.6,6.54
24.4,165.2,2.81
42.15,123.2,1.07
31.63,128.8,4.76
33.1,165.2,6.39
38.75,168,6.13
34.74,67.2,6.7
70.07,106.4,1.43
30.52,176.4,2.15
40.77,92.4,2.65
80.61,134.4,5.92
51.1,109.2,1
62.02,173.6,1.19
36.58,123.2,5.57
45.45,131.6,6.77
36.91,114.8,5.36
75.55,137.2,2.87
42.68,5.6,3.54
4.19,168,4.04
26.65,103.6,2.45
18.16,131.6,3.03
39.39,92.4,1.38
20.53,137.2,6.88
21.19,131.6,6.6
17.64,159.6,1.18
12.14,165.2,2.94
28.08,128.8,3.55
47.39,145.6,3.13
67.18,148.4,4.3
43.75,106.4,4.45
27.41,137.2,3.8
54.67,106.4,2.37
58.55,112,1.24
53.9,95.2,6.41
42.27,114.8,5
153.01,8.4,2.27
124.38,36.4,4.76
37.46,142.8,4.53
81.74,137.2,6.83
36.37,142.8,1.09
73,95.2,3.61
81.61,162.4,5.52
82.65,100.8,5.9
51.76,92.4,1.6
28.76,123.2,4.85
120.95,123.2,1.91
66.09,168,4.94
19.94,165.2,4.46
50.09,165.2,6.61
14.76,168,5.39
24.78,145.6,3.1
162.9,64.4,6.24
156.38,22.4,6.55
156.8,151.2,2.28
107.25,5.6,5.77
155.21,53.2,3.63
112.98,89.6,1.9
166.73,36.4,5.89
118.85,53.2,4.98
153.9,154,1.1
101.73,53.2,2.92
152.53,58.8,2.71
117.63,5.6,6.56
168.46,42,1.21
161.33,42,3.19
126.36,64.4,4.22
53.38,154,1.44
2.12,137.2,2.35
52.23,28,5
42.2,28,4.14
0,123.2,4.54
22.3,123.2,6.46
45.31,128.8,4.4
16.51,151.2,3.95
33.61,123.2,2.97
41.02,98,2.91
38.45,117.6,6.32
68.73,170.8,3.08
59.79,112,5.84
29.64,86.8,6.19
70.63,117.6,5.36
35.16,176.4,5.11
57.23,28,3.55
63.79,89.6,4.48
61.69,98,2.57
68.02,112,1.1
65.36,98,5.49
50.69,98,5.88
34.65,112,4.37
78.05,98,5.48
60.9,154,5.77
49.35,11.2,6.04
3.85,151.2,5.79
46.34,28,5.89
12.14,126,2.55
10.55,173.6,2.53
27.84,148.4,2.56
48.08,162.4,2.68
14.69,126,1.85
35.43,81.2,6.41
46.31,134.4,5.57
83.61,33.6,5.15
49.09,64.4,1.91
35.44,154,4.6
3.59,154,6.55
88.37,75.6,6.22
58.51,89.6,4.01
40.05,53.2,1.81
1.81,75.6,5.56
39.05,75.6,4.37
27.38,22.4,3.91
51.84,30.8,5.81
71.63,134.4,5.22
34.42,117.6,4.03
46.64,53.2,2.89
71.34,14,2.86
25.89,53.2,6.95
0,33.6,4.75
33.98,53.2,2.14
120.93,33.6,6.89
124.41,114.8,6.16
137.04,117.6,3.71
93.04,53.2,4.35
98.94,53.2,1.11
62.11,78.4,4.06
86.38,58.8,3.11
51.4,5.6,5.69
88.67,53.2,1.24
46.22,5.6,2.62
31.12,140,6.01
56.27,84,2.49
44.77,117.6,2.57
63.63,5.6,4.76
41.86,53.2,1.25
27.83,75.6,1.25
58.21,50.4,3.52
16.39,2.8,1.43
47.09,75.6,3.75
36.51,5.6,6.17
103.4,64.4,1.1
61.73,50.4,5.9
36.93,58.8,1.57
38.3,16.8,6.23
112.4,134.4,4.11
74.04,145.6,3.83
0,30.8,4.69
77.87,159.6,3.77
42.2,159.6,6.45
18.34,176.4,5.38
6.48,81.2,3.25
69.61,28,5.34
52.72,0,3.51
123.24,112,6.62
127,117.6,6.58
134.6,0,4.65
136,112,2.53
141.06,25.2,2.12
140.75,114.8,3.03
164.92,14,2.78
82.32,112,6.59
64.94,0,2.56
7.37,75.6,3.95
77.34,170.8,2.98
28.31,95.2,1.82
79.78,126,2.51
59.13,0,5.81
138.53,112,3.54
0,47.6,1.74
9.32,14,2.49
52.49,50.4,5.72
75.73,84,5.23
5.95,28,2.6
2.7,53.2,5.64
52.11,78.4,3.95
142.07,112,2.85
113.5,151.2,5.85
120.65,154,1.03
130.39,8.4,2.34
94.67,39.2,6.28
98.17,112,5.64
142.13,128.8,6.86
177.7,58.8,5.72
111.96,28,4.47
126.12,109.2,5.26
172.85,42,1.33
154.5,28,2.48
153.94,117.6,4.32
118.17,0,2.36
74.58,173.6,6.97
119.74,25.2,2.71
51.39,19.6,5.64
98.21,131.6,2.42
110.24,170.8,5.84
113.45,53.2,3.01
134.7,117.6,2.34
126,14,3.83
98.52,81.2,3.63
127.7,5.6,1.55
181.7,148.4,2.47
182.83,64.4,1.52
131.4,98,1.42
156.38,98,3.19
123.45,165.2,5.58
165.36,128.8,1.71
122.11,162.4,3.2
128.07,126,6.88
169.52,128.8,4.7
185.47,19.6,1.88
154.73,72.8,4.85
161.52,89.6,1.94
122.26,173.6,1.77
120.37,145.6,5.62
31.21,137.2,2.71
50.52,145.6,5.79
72.2,173.6,2.38
132.36,44.8,3.28
70.85,98,2.03
123.81,120.4,2.06
99.73,98,2.34
137.88,114.8,2.87
163.79,14,1.13
0,145.6,5.84
98.41,16.8,2.63
72.38,154,4.92
132.81,84,5.99
95.72,84,5.23
139.57,8.4,2.53
117.61,81.2,6.05
137.66,72.8,4.59
142.77,86.8,5.76
136.59,145.6,3.91
143.39,109.2,5.46
149.7,98,3.88
180.92,100.8,6.74
134.99,145.6,1.6
124.99,2.8,1.53
130.77,162.4,3.77
110.61,173.6,1.87
109.07,81.2,4.91
135.16,67.2,6.6
167.24,145.6,3.15
143.75,53.2,6.67
83.13,5.6,4.08
137.4,123.2,3.34
120.55,44.8,5.1
131.42,16.8,2.56
130.4,5.6,2.67
139.57,22.4,6.69
150.64,162.4,4.11
134.28,5.6,1.58
140.5,145.6,2.22
144.26,19.6,4.39
154.24,145.6,7
117.88,131.6,6.63
102.9,84,1.85
167.52,106.4,1.97
87.21,5.6,3.97
152.77,100.8,6.41
163.68,100.8,1.51
140.56,131.6,2.52
148.19,44.8,5.78
145.49,114.8,4.94
161.24,145.6,4.84
111.12,159.6,2.7
165.83,112,6.7
120.57,42,1.55
130.52,140,2.61
125.9,170.8,4.44
153.18,123.2,3.46
168.16,151.2,6.14
130.57,114.8,1.67
103.81,112,1
151.34,173.6,2.68
139.25,0,1.9
9.73,81.2,4.42
143.31,5.6,1.97
79.39,156.8,3.07
129.59,0,5.01
106.24,173.6,4.37
127.82,33.6,2.53
22.25,173.6,3.49
45.13,103.6,1.83
78.08,106.4,4.68
85.81,120.4,6.63
118.74,120.4,2.76
82.16,176.4,5.07
81.49,165.2,3.69
86.81,106.4,1.83
59.17,78.4,2.94
148.61,14,1.88
130.35,33.6,5.78
127.14,22.4,2.06
119.4,154,1.25
105.34,176.4,5.01
159.54,70,3.9
160.67,44.8,4.54
163.44,70,6.56
54.82,154,6.08
6.57,162.4,5.25
143.18,25.2,5.21
139.74,14,4.89
109.85,151.2,3.65
171.44,100.8,4.61
102.1,176.4,3.24
116.5,78.4,3.64
138.17,106.4,6.7
127.41,70,5.58
124.53,70,2.88
120.14,78.4,4.03
154.73,137.2,1.93
176.24,128.8,4.21
166.08,145.6,1.16
156.16,84,3.18
145.14,137.2,4.44
170.39,145.6,1.78
148.38,70,5.54
147.36,56,1.8
129.93,159.6,5.76
159.97,56,4.96
162.92,72.8,5.51
131.31,78.4,4.67
150.43,114.8,5.71
24.91,11.2,2.41
15.1,72.8,5.96
20.84,44.8,6.01
108.3,162.4,5.02
3.54,56,1.34
8.16,78.4,3.6
30.62,134.4,4.22
129.86,112,6.14
83.75,92.4,3.45
136.22,42,3.55
21.96,112,4.38
16.99,170.8,1.69
64.89,145.6,6.62
50.13,0,2.59
22.42,19.6,5.77
27.79,131.6,6.86
55.91,36.4,3.8
153.69,109.2,5.1
14.66,64.4,4.76
61.8,148.4,5.38
38.61,64.4,6.32
73.13,16.8,5.15
58.63,145.6,3.1
16.11,103.6,3.82
59.45,81.2,2.65
64.14,39.2,3.65
101.88,64.4,1.52
80.82,0,6.19
84.91,168,4.49
94.78,162.4,4.5
59.37,44.8,1.28
53.86,44.8,5.51
51.78,103.6,4.6
43.67,140,5.22
43.93,98,6.76
165.21,44.8,2.29
73.22,128.8,6.5
59.07,64.4,6.49
55.02,123.2,4.18
4.69,30.8,4.54
6.93,109.2,5.81
3.12,131.6,6.25
5.62,148.4,4.56
31.89,148.4,4.96
19.61,86.8,5.25
17.77,44.8,3.07
23.91,148.4,3.93
16.88,30.8,3.36
16.31,165.2,2.02
56.38,103.6,6.29
62.03,56,5.96
61.49,114.8,5.62
78.1,109.2,3.5
70.77,109.2,3.67
74.44,109.2,3.66
53.74,86.8,4.47
49.71,128.8,6.61
16.2,134.4,3.88
35.16,159.6,5.82
31.13,95.2,4.62
67.37,11.2,4.25
95.22,33.6,4.04
53.91,39.2,4.61
10.18,148.4,2.64
17.82,2.8,2.72
42.52,70,3.27
19.72,148.4,4.19
20.22,98,5.11
30.97,120.4,4.8
55.39,11.2,1.95
73.61,123.2,3.95
84.57,148.4,6.23
72.02,33.6,6.54
71.41,86.8,6.74
78.99,14,4.53
95.38,100.8,3.07
87.13,162.4,1.53
88.68,84,2.37
45.65,42,3.16
45.23,154,2.38
51.84,61.6,6.66
64.21,165.2,5.2
88.31,109.2,4.24
87.84,14,5.55
60.09,42,1.92
62.01,42,4.44
70.93,162.4,4.6
47.83,92.4,3.93
85.23,159.6,1.85
93.42,103.6,4.95
12.82,148.4,6.9
8.82,123.2,3.3
3.91,36.4,5.93
3.6,117.6,5.93
48.68,86.8,5.06
19.05,16.8,5.96
74.14,8.4,6.86
6.44,56,4.19
14.15,81.2,2.72
47.91,123.2,4.95
29.1,103.6,4.23
4.74,156.8,2.52
42.65,128.8,2.66
47.81,89.6,4.89
23.53,142.8,5.86
8.65,16.8,2.2
74.94,72.8,3.48
31.73,47.6,1.64
13.7,140,6.35
14.96,75.6,2.46
63.12,75.6,5.26
57.38,2.8,6.78
46.86,176.4,1.99
44.59,151.2,5.65
68.38,75.6,3.63
41.98,151.2,2.61
56.32,75.6,5.37
20.54,2.8,1.1
26.74,84,5.54
8.43,25.2,1.05
6.82,25.2,1.61
42.8,170.8,4.14
17.25,112,4.71
32.65,78.4,1.38
21.6,151.2,3.08
53.34,148.4,4.81
56.57,98,3.87
45.08,25.2,3.1
9.64,151.2,6.87
134.39,64.4,2.4
124.29,47.6,1.74
173.36,168,4.11
97.86,126,5.31
133.71,103.6,3.66
110.2,112,5.35
141.34,100.8,1.05
104.65,53.2,1.95
121.94,58.8,6.13
171.45,8.4,5.82
115.54,61.6,6.88
142.38,84,6.31
77.25,0,3.57
56.23,0,2.9
89.91,53.2,3.13
168.18,142.8,3.83
144.63,14,3.98
170.27,53.2,4.6
34.07,162.4,2.26
73.64,42,6.98
91.31,22.4,2.12
92.8,70,1.83
130.79,53.2,5.96
50.84,75.6,3.87
133.13,140,1.7
110.03,156.8,3.81
76.23,170.8,1.11
41.5,112,4.7
52.67,140,3.9
104.72,159.6,4.99
61.01,156.8,5.2
114.51,16.8,5.9
130.34,170.8,3.91
95.47,47.6,6.43
139.56,170.8,2.93
174.61,30.8,2.59
164.03,159.6,4.46
93.91,8.4,4.61
76.85,134.4,3.76
77.87,145.6,2.34
61.93,137.2,2.47
84.94,145.6,3.85
81.14,22.4,5.59
168.36,8.4,3.09
174.96,70,5.75
157.97,0,5.13
149.68,78.4,4.19
180.71,70,6.92
168.1,47.6,2.04
103.03,22.4,6.59
148.4,81.2,2.89
143.2,78.4,6.48
172.03,75.6,1.22
151.86,0,6.11
151.53,176.4,3.4
161.68,25.2,6.45
162.84,154,6.66
95.07,0,5.77
173.18,148.4,3.75
137.1,70,6.35
150.69,8.4,2.32
152.35,72.8,2.38
166.92,126,3.13
168.13,25.2,1.46
146.9,154,7
90.33,42,3.98
54.11,176.4,6.47
64.4,137.2,5.64
0,64.4,5.73
82.97,103.6,5.81
58.15,148.4,3.65
95.2,11.2,6.87
52.75,36.4,3.16
94.08,140,3.88
65.46,19.6,6.78
100.84,0,6.28
73.5,25.2,5.89
101.31,89.6,4.53
92.88,131.6,2.92
66.31,36.4,5.67
22.41,114.8,3.62
0,67.2,6
97.91,61.6,6.27
67.11,114.8,4.88
6.42,106.4,3.24
45.33,126,5.15
50.92,50.4,1.57
38.92,19.6,5.77
65.07,134.4,2.16
4.11,72.8,3.04
88.55,100.8,6.83
0,156.8,4.74
36.4,151.2,1.86
105.6,8.4,4.85
1.95,120.4,3.29
66.16,92.4,3.94
39.02,112,2.48
0,126,1.38
114.17,64.4,2.69
54.98,126,1.52
61.03,47.6,3.71
19.42,64.4,5.79
21.2,0,1.62
82.76,106.4,4.05
13.84,145.6,5.28
67.33,53.2,5.88
81.6,109.2,6.71
7.26,156.8,3.76
45.16,145.6,2.23
45.37,109.2,5.73
53.69,131.6,5.93
24.92,154,4.48
163.87,28,6.45
179.37,78.4,1.7
106.43,58.8,5.48
74.82,89.6,6.77
150.49,14,3.58
50.19,67.2,2.41
71.28,0,4.56
50.24,151.2,2.95
181.31,14,2.32
74.53,44.8,4.37
68.88,39.2,2.96
53.19,151.2,1.88
109.62,22.4,3.24
43.93,156.8,2.38
66.43,30.8,4.8
48.17,22.4,2.69
144.33,39.2,5.37
89.49,58.8,4.66
123.97,11.2,2.14
95.18,86.8,2.73
141.76,67.2,3.18
48.85,176.4,3.05
90.8,148.4,2.9
45.15,67.2,5.04
154.01,81.2,3.56
62.1,81.2,2.58
92.47,156.8,3.42
57.34,11.2,5.55
141.98,81.2,6.42
42.42,156.8,1.51
80.21,145.6,2.57
53.94,81.2,5.51
78.31,11.2,1.67
64.68,81.2,2.08
62.1,30.8,4.33
83.51,19.6,5.98
78.82,78.4,5.08
93.31,11.2,1.89
178.49,156.8,4.17
183.76,165.2,5.52
99.31,64.4,2.57
71.98,36.4,1.67
89.9,145.6,4.15
66.76,81.2,4.65
101.02,117.6,3.9
75.19,22.4,5.95
38.5,58.8,2.3
114.92,168,5.53
79.93,131.6,4.14
82.73,151.2,5.66
26.25,22.4,1.13
63.11,67.2,6.78
183.26,159.6,2.15
184.82,145.6,3.5
170.98,22.4,6.72
160.37,176.4,1.01
74.14,58.8,4.58
76.7,36.4,4.16
86.46,11.2,6.85
85.92,56,5.16
40.8,58.8,3.03
56.74,22.4,4.37
71.06,154,1.32
77.3,154,4.02
17.91,11.2,4.75
43.35,176.4,3.51
56.31,145.6,2.32
48.81,42,2.89
68.51,140,6.46
37.01,39.2,5.65
51.7,42,3.32
46.18,36.4,6.57
57.53,156.8,3.48
78.56,103.6,4.41
10.87,117.6,1.64
7.95,140,1.92
48.47,2.8,3.3
8.48,95.2,4.86
37.88,134.4,2.17
37.73,106.4,1.82
61.69,75.6,1.43
63.76,100.8,6.33
74.97,140,6.47
55.02,42,5.07
41.35,176.4,2
0,154,3.59
61.75,140,3.39
51,64.4,6.15
114.88,89.6,6.27
179.82,89.6,4.37
109.19,30.8,2.34
76.42,30.8,2.48
147.65,131.6,6.59
18.33,165.2,1.61
102.22,106.4,1.88
81.75,50.4,3.1
136.13,33.6,4.02
50.3,8.4,6.42
133.31,131.6,5.07
104.75,84,5.09
104.5,72.8,4.17
143.85,168,6.76
100.27,36.4,4.9
100.22,140,1.42
99.32,154,6.13
35.22,168,3.53
130.76,50.4,5.16
32.42,44.8,3.15
97.63,89.6,3.68
177.3,42,3.55
151.08,16.8,4.28
127.83,84,4.98
124.86,28,2.22
120.41,16.8,2.42
155.67,25.2,1.57
117.79,112,5.45
133.58,117.6,1.12
116.87,58.8,5.07
158.26,117.6,2.97
101.64,140,5.97
34.84,134.4,3.04
86.57,39.2,2.16
141.83,64.4,5.75
99.95,2.8,4.09
107.67,106.4,6.11
89.3,64.4,1.92
113.02,5.6,4.61
56.5,126,6.03
104.92,117.6,6.58
45.43,22.4,2.74
172.81,44.8,6.25
109.86,95.2,5.65
104.41,173.6,1.83
158.06,2.8,1.68
150.96,22.4,2.16
102.07,11.2,5.81
12.37,159.6,2.93
108.03,123.2,2.77
76.49,142.8,5.8
85.94,156.8,6.53
96.93,5.6,6.32
103.01,114.8,5.95
167.97,5.6,3.24
71.5,106.4,6.58
181.98,50.4,3.61
177.17,50.4,4.81
41.14,126,4.19
52.86,123.2,2.16
184.94,47.6,2.08
78.38,28,1.18
83.21,2.8,5.37
149.7,148.4,3.32
139.77,42,4.38
69.41,165.2,6.81
92.44,120.4,5.96
173.03,72.8,1.15
27.71,140,1.1
36.78,28,5.42
104.1,106.4,3.57
55.46,67.2,4.02
86.97,28,1.83
109.17,109.2,6.98
161.84,140,1.01
178.99,11.2,4.87
140.75,117.6,3.14
108.91,47.6,4.32
114.69,98,6.55
90.55,140,3.53
88.73,39.2,5.94
41.54,145.6,3.62
144.26,58.8,6.27
40.92,131.6,4.53
170.14,47.6,3.36
52.66,33.6,1.29
108.51,103.6,3.15
74.49,11.2,3.82
103.25,5.6,4
88.38,117.6,2.26
157.22,154,5.62
139.46,39.2,1.33
121.5,120.4,2.31
88.88,44.8,6.3
129.25,120.4,1.96
47.61,154,5.77
79.65,39.2,6.92
31.06,170.8,2.6
147.58,64.4,4.97
39.91,128.8,2.74
70.81,126,3.14
4.84,5.6,5.27
161.37,19.6,4.96
76.38,14,1.54
142.57,123.2,4.35
21.55,22.4,4.7
149.93,67.2,6.91
9.48,25.2,3.45
146.92,123.2,6.26
82.34,67.2,1.4
130.12,25.2,5.16
33.84,25.2,3.66
116.6,100.8,4.78
5.64,14,3.68
75.22,148.4,4.75
69.89,67.2,3.05
106.98,123.2,1.05
4.44,0,5.42
175.7,36.4,3.86
59.58,165.2,4.63
156.64,123.2,1.83
24.63,25.2,3.64
126.32,8.4,1.32
3.72,2.8,5.95
159.74,2.8,4.18
42.42,42,3.23
162.01,47.6,2.71
58.76,84,2.52
133.21,109.2,4.06
1.64,11.2,4.94
45.94,19.6,5.45
72.24,19.6,4.74
71.62,11.2,2.87
87.6,42,2.73
183.63,14,5.2
85.73,86.8,1.12
186.32,56,2.46
27.68,126,4.54
106.8,30.8,2.39
67.76,154,3.3
118.55,19.6,5.72
93.43,22.4,5.43
164.79,0,3.51
62.04,176.4,3.14
135.98,78.4,3.89
48.84,5.6,2.56
98.86,22.4,4.17
80.14,64.4,6.03
120.45,168,2.55
116.01,8.4,1.65
11.82,162.4,6.68
39.55,106.4,4.2
99.63,134.4,1.76
38.26,151.2,3.72
56.57,140,5.18
25.32,140,2.39
117.51,117.6,2.73
8.96,70,5.83
95.19,106.4,4.82
52.6,67.2,2.86
158.42,78.4,3.04
35.45,42,3.97
167.8,92.4,5.81
88.09,78.4,2.15
93.95,78.4,4.51
136.89,137.2,5.73
118.12,30.8,6.33
6.01,142.8,1.61
144.87,106.4,4.13
4.19,159.6,1.73
126.11,53.2,4.68
0,2.8,3.72
95.79,89.6,1.84
22.35,142.8,1.18
182.33,56,3.99
33.36,56,5.05
118.05,173.6,1.46
14.79,70,3.24
150.63,156.8,5.05
60.41,137.2,1.52
176.67,95.2,4.19
36,70,3.08
179.15,64.4,3.68
173.82,56,5
169.69,2.8,4.41
138.24,11.2,4.46
168.58,156.8,5.12
125.88,151.2,2.3
173.7,156.8,4.79
153.12,22.4,3.26
113.24,142.8,4.83
6.53,173.6,4.02
63.4,106.4,1.52
184.19,89.6,5.75
180.86,95.2,2.75
32.99,70,3.01
173.83,98,1.95
29.76,67.2,4.98
85.27,117.6,3.11
95.08,123.2,4
33.37,47.6,6.44
75.71,50.4,3.1
179.33,81.2,5.22
174.21,81.2,5.12
5.12,98,5.63
9.76,89.6,1.61
180.13,137.2,3.69
99.08,123.2,2.18
175.64,134.4,5.67
9.66,106.4,3.02
14.44,98,5.78
30.02,56,3.34
19.36,56,5.25
150.17,89.6,2.39
169.83,109.2,4.4
6.61,70,2.35
3.01,70,3.6
36.59,16.8,1.71
76.42,100.8,4.35
5.28,128.8,2.2
172.56,81.2,1.65
20.65,123.2,1.65
169.42,134.4,6.22
12.68,106.4,2.67
148.22,67.2,1.71
138.08,134.4,2.88
14.88,123.2,1.31
181.43,16.8,1.67
0,168,4.19
37.64,137.2,5.5
147.17,30.8,1.44
9.67,2.8,6.72
122.12,42,2.59
153.92,70,5.62
161.23,117.6,2.64
168.19,170.8,2.32
116.48,22.4,3.18
159.58,72.8,3.34
134.32,148.4,5.79
4.54,123.2,4.28
21.7,39.2,4.63
106.21,156.8,3.82
57.65,30.8,4.45
4.02,78.4,4.14
62.52,89.6,1.27
40.98,159.6,1.22
132.99,70,4.11
0,162.4,1.49
36.23,22.4,3.03
8.61,165.2,3.53
0,78.4,4.02
1.31,84,4.37
148.99,120.4,3.18
16.42,92.4,1.33
163.99,84,4.6
12.69,16.8,1.79
39.08,70,1.93
154.02,92.4,6.62
161.59,159.6,2.44
18.78,81.2,1.72
1.43,36.4,2.48
10.63,84,5.73
172.53,165.2,2.39
84.06,11.2,2.4
103.46,165.2,2.33
51.16,156.8,6.37
137.68,89.6,1.15
117.63,156.8,3.23
11.67,112,5.58
37.5,25.2,3.58
69.53,156.8,2.46
53.21,16.8,6.66
45.01,61.6,3.64
163.59,16.8,6.16
164.51,173.6,2.15
39.44,109.2,2.02
155.63,173.6,2.77
67.99,56,4.96
15.35,106.4,1.56
53.95,33.6,6.04
129.22,103.6,4.49
26.94,2.8,1.91
61.95,53.2,5.38
35.64,36.4,3.38
171.17,95.2,1.51
130.96,151.2,5.51
127.45,156.8,4.26
152.59,109.2,1.1
139.11,16.8,1.71
160.89,75.6,2.56
140.17,19.6,4.09
90.54,173.6,4.32
151.67,95.2,4.73
138.94,156.8,2.09
161.63,168,5.69
179.42,131.6,6.21
129.2,22.4,5.96
124.17,78.4,2.09
170.91,106.4,4.51
147.12,44.8,1.07
158.6,64.4,4.3
87.32,8.4,6.59
152.86,92.4,1.16
20.64,8.4,2.44
105.84,89.6,4.1
62.89,11.2,4.48
95.05,176.4,1.8
160.64,92.4,4.66
85.37,47.6,1.6
32.77,25.2,1.07
71.24,47.6,6.22
25.81,67.2,2.15
42.7,72.8,3.62
107.15,142.8,6.09
97.39,53.2,1.55
90.66,50.4,4.08
177.54,14,2.21
174.06,120.4,6.48
180.54,120.4,6.34
172.87,123.2,6.98
112.14,16.8,2.37
135.69,159.6,3.73
167.7,14,3.71
141.51,159.6,4.07
29.92,30.8,5.63
58.21,86.8,1.06
27.17,30.8,2.75
80.96,84,1.64
163.16,126,3.76
17.44,86.8,2.17
12.01,86.8,5.43
9.85,86.8,2.16
171.41,14,6.13
28.29,33.6,1.63
141.15,0,4.59
155.24,19.6,2.13
162.13,8.4,1.8
33.57,36.4,2.07
25.86,33.6,2.43
182.87,154,4.91
142.23,154,4.67
31.29,22.4,4.94
136.79,64.4,5.04
27.2,109.2,3.97
180.58,162.4,5.11
96.85,176.4,5.25
148.65,19.6,6.59
154.24,131.6,5.04
168.46,30.8,2.89
75.48,78.4,3.34
0,0,4.44
68.9,126,1.91
169.59,25.2,3.14
59.27,86.8,3.28
17.91,25.2,2.38
20.29,25.2,4.34
153.83,56,6.14
12.12,123.2,2.76
110.8,123.2,1.13
52.09,44.8,1.77
111.19,0,6.98
39.49,165.2,1.19
37.13,140,6.54
66.67,154,1.09
42.31,100.8,3.56
61.68,33.6,2.41
97.89,128.8,4.04
100.69,19.6,6.87
144.63,100.8,4.8
64.92,106.4,3.44
160.41,112,1.01
27.21,165.2,5.89
174.22,170.8,3.24
40.04,154,5.19
148.27,22.4,2.69
28.07,39.2,4.71
155.68,156.8,3.38
28.07,159.6,4.84
145.84,134.4,2.3
53.78,173.6,1.57
94.86,173.6,3.39
19.19,142.8,3.16
101.26,123.2,5.72
99.25,75.6,5.34
163.73,30.8,4.73
68.27,89.6,6.55
172.74,86.8,4.3
34.77,19.6,4.15
156.84,67.2,4.52
60.52,8.4,4.01
139.69,154,2.54
42.09,36.4,4.09
138.67,44.8,2.29
21.96,168,6.89
131.21,120.4,6.82
42.66,39.2,5.5
80.4,81.2,6.69
81.44,140,4.05
46.08,8.4,4.22
109.17,170.8,1.07
127.52,176.4,4.74
51.9,176.4,2.21
176.93,148.4,1.77
173.94,159.6,5.61
179.55,159.6,3.71
144.33,2.8,6.52
54.68,170.8,3.31
15.08,165.2,1.23
155.28,8.4,6.85
42.74,120.4,4.32
159.28,131.6,6.31
74.2,14,2.18
97.91,86.8,5.42
41.84,81.2,5.72
26.85,44.8,5.57
13.72,11.2,4.19
125.37,100.8,2.43
176.98,103.6,4.77
6.24,126,5.9
183.82,137.2,4.53
175.99,154,6.88
175.35,142.8,2.95
161.49,81.2,6.36
50.76,162.4,6.8
5.99,89.6,3.77
159.08,151.2,3.74
25.81,89.6,1.51
178.46,2.8,2.28
37.1,44.8,4.64
98.19,98,1.54
43.83,58.8,1.7
41.5,173.6,6.59
72.88,98,3.69
46.94,170.8,6.51
54.4,2.8,2.98
12.51,117.6,1.06
64.09,33.6,5.9
0,142.8,1.98
25.61,106.4,5.77
25.2,109.2,2
59.48,67.2,3.63
41.42,89.6,6.39
180.98,145.6,3.84
157.76,128.8,4.59
24.86,86.8,1.73
169.3,22.4,1.68
176.22,25.2,5.7
116.35,2.8,4.67
114.55,86.8,4.7
113.54,165.2,4.19
132.74,142.8,4.39
174.1,2.8,4.36
140.76,50.4,3.18
165.59,131.6,5.06
152.06,165.2,2.62
153.27,61.6,2.58
102.73,67.2,4.36
149.24,47.6,1.9
103.33,86.8,1.57
138.2,86.8,3.34
97.02,165.2,6.44
115.76,154,3.64
68.71,142.8,6.74
101.93,128.8,6.4
158.47,123.2,6.53
116.49,126,5.83
33.07,142.8,3.3
76.48,67.2,5.86
23.72,176.4,6.8
100.41,100.8,6.88
28.85,168,6.37
70.14,176.4,6.74
80.53,123.2,6.73
81.59,89.6,3.81
96.18,168,6.83
52.37,142.8,3.18
163.87,117.6,2.74
86.85,86.8,2.3
117.2,123.2,3.75
138.7,168,1.79
111.93,123.2,5.27
126.18,168,2.69
106.76,75.6,1.82
94.63,70,3.73
92.32,67.2,4.79
146.68,75.6,6.76
135.3,2.8,2.49
41.46,109.2,3.91
155.24,58.8,6.85
113.84,156.8,3.79
109.73,2.8,6.62
124.03,173.6,2.78
150.3,30.8,5.44
155.51,106.4,6.4
55.35,173.6,6.67
26.33,39.2,1.74
40.25,11.2,2.73
88.58,2.8,5.49
136,170.8,3.56
119.57,170.8,3.32
94.07,2.8,5.88
86.07,170.8,4.05
143.32,95.2,3.17
104.81,112,5.39
122.85,142.8,4.8
105.87,92.4,3.64
166.51,148.4,6.67
121.38,100.8,3.99
110.36,78.4,4.71
130.44,95.2,4.63
171.68,11.2,2.46
164.36,156.8,4.22
145.48,89.6,4.69
138.19,128.8,3.94
125,106.4,4.63
94.1,72.8,2.83
99.03,72.8,5.47
98.23,67.2,4.5
142.25,72.8,4.32
126.11,11.2,3.85
153.32,11.2,2.29
69.99,33.6,2.03
60.65,44.8,3.34
78.4,117.6,1.69
85.4,89.6,5.24
97,137.2,4.06
90.79,95.2,2.77
78.37,2.8,4.84
106.14,95.2,3.72
27.32,11.2,2.43
6.58,11.2,4.07
85.23,95.2,3.06
50.86,22.4,5.88
18.82,159.6,4.68
79.24,95.2,1.67
13.45,131.6,2.7
80.91,95.2,4.32
148.29,61.6,4.98
140.34,75.6,6.34
162.99,170.8,5.2
165.73,75.6,1.4
165.58,50.4,6.22
115.93,84,2.25
154.75,162.4,6.75
145.17,28,3.5
175.7,89.6,3.03
153.97,44.8,6.7
149.26,176.4,2.27
181.07,78.4,3.97
98.36,70,5.32
127.68,50.4,3.08
104.9,86.8,4.34
123.66,50.4,4.02
105.68,70,3.04
174.76,25.2,1.46
144.92,176.4,4.34
121.28,39.2,5.04
9.02,128.8,1.54
75.69,112,6.63
19.45,117.6,3.01
48.18,25.2,3.76
61.48,92.4,4.68
81.32,154,3.44
168.54,11.2,3.14
82.33,47.6,3.04
49.99,33.6,2.67
34.98,75.6,4.07
22.66,11.2,2.25
78.9,30.8,1.36
8.35,84,2.28
19.67,89.6,6.14
150.85,2.8,3.11
174.3,151.2,3.21
124.48,61.6,3.34
113.61,75.6,1.37
138.71,61.6,6.18
99.66,78.4,2.74
113.98,81.2,3.63
121.02,2.8,3.97
143.45,70,4.93
120.52,70,4.01
134.05,154,2.92
149.05,140,1.41
172.68,95.2,3.99
150.03,112,5.11
162.51,61.6,3.97
133.98,16.8,5.13
156.95,75.6,3.94
168.43,72.8,4.6
132.73,8.4,4.34
122.42,61.6,2.06
134.66,58.8,2.4
109.76,56,2.23
123.76,75.6,4.18
113.82,159.6,4.92
119.48,75.6,1.63
157.53,165.2,2.93
166.06,58.8,2.45
167.32,168,6.04
175.33,117.6,4
153.96,2.8,2.72
163.46,89.6,2.05
154.68,165.2,2.85
154.07,14,5.63
145.2,140,3.85
181.54,92.4,2.61
185.76,61.6,3.5
172.62,78.4,6.75
120.25,64.4,6.11
128.07,58.8,6.59
111.51,84,4.42
142.9,58.8,1.36
130.58,64.4,3.81
171.35,30.8,3.26
178.37,53.2,4.06
134.37,14,5.37
121.54,28,3.32
161.88,126,1.28
137.77,28,3.92
121.68,176.4,5.84
170.7,162.4,4.61
149.28,11.2,4.04
135.16,22.4,4.41
165.9,165.2,1.08
153.44,75.6,3.51
177.51,151.2,5.25
73.78,5.6,6.14
58.27,56,3.76
98.3,170.8,1.7
34.65,131.6,6.27
53.45,137.2,6.96
21.96,140,3.36
24.33,170.8,6.73
80.09,117.6,5.18
75.99,117.6,2.41
28.41,156.8,5.25
143.89,117.6,2.47
41.99,142.8,4.3
36.33,162.4,2.89
172.62,36.4,3.08
149.91,33.6,5.49
158.4,173.6,6.11
63.99,44.8,3.69
31.9,5.6,4.61
26.75,5.6,5.15
65.31,84,3.63
32.84,151.2,1.97
118.2,137.2,5.85
37.91,173.6,3.59
31.2,173.6,6.71
47.47,86.8,1.21
79.72,128.8,4.3
62.55,86.8,2.61
60.44,98,1.25
76.57,98,1.48
35.34,126,5.8
161.96,33.6,6.3
103.02,39.2,6.38
165.3,92.4,2.5
162.05,11.2,6.49
77.46,47.6,4.87
39.02,36.4,3.07
43.42,75.6,3.67
6.98,19.6,3.68
74.95,28,3.43
5.68,84,2.67
15.53,89.6,4.14
7.48,128.8,1.54
69.87,128.8,3.35
172.76,58.8,4.94
22.46,117.6,6.98
70.34,120.4,6.54
70.1,92.4,4.12
60.78,28,5.37
157.86,36.4,4.11
151.35,117.6,2.59
141.32,30.8,5.85
48.65,61.6,3.19
134.54,162.4,5.69
121.24,98,1.81
162.09,58.8,3.97
90.65,61.6,4.83
110.75,42,2.15
179.43,84,2.67
94.51,19.6,2.39
128.31,148.4,6.01
104.18,61.6,3.89
100.95,39.2,2.07
129.96,11.2,6.48
121.69,128.8,1.71
105.64,168,3.91
103.01,168,2.63
92.81,16.8,5.6
89.4,168,6.78
94.05,145.6,3.68
78.56,168,6.35
135.62,165.2,6.28
56.7,165.2,2.88
90.29,165.2,4.37
88.79,145.6,1.11
105.79,165.2,5
46.84,165.2,1.6
62.2,170.8,6.53
53.45,170.8,1.23
85.18,165.2,5.11
67.11,22.4,3.67
76.22,165.2,5.27
26.49,156.8,1.92
109.82,67.2,5.86
55.08,100.8,3.1
80.26,30.8,2.4
112.23,120.4,6.51
20.46,151.2,1.14
16.15,131.6,2.01
11.56,61.6,3.08
100.34,14,5.2
111.34,25.2,6.88
50.33,47.6,3.8
84.07,131.6,6.92
47.94,30.8,3.9
131.69,39.2,1.44
53.13,126,1.85
112.72,131.6,5.16
84.21,84,4.47
125.88,42,6.49
40.68,165.2,6.16
109.51,92.4,4
86.34,53.2,2.33
167.49,89.6,1.37
46.19,84,6.34
123.39,148.4,1.68
93.97,0,1.1
123.61,103.6,2.89
43.11,53.2,3.53
186.77,84,1.22
12.75,103.6,3.36
133.58,67.2,1.58
73.65,36.4,3.05
179.97,109.2,2.1
31.53,151.2,1.31
116.43,28,2.74
12.66,22.4,2.05
136.88,100.8,4.46
65.14,140,3.37
177.04,86.8,3.3
12.93,25.2,4.98
169.5,154,6.49
83.9,78.4,4.19
179.85,123.2,6.58
92.35,64.4,6.96
177.21,64.4,1.94
14.51,128.8,2.95
57.15,64.4,1.92
15.3,159.6,2.34
62.09,131.6,5.68
90.32,112,2.85
45.53,58.8,6.83
18.78,154,6.14
4.75,33.6,1.29
17.21,33.6,1.18
26.34,112,6.18
60.13,168,5.96
142.45,173.6,3.56
109.99,64.4,4.18
16.18,120.4,5.53
120.27,50.4,3.39
78.86,70,2.79
93.01,106.4,2.18
32.78,39.2,4.23
45.87,100.8,4.47
6.72,8.4,2.38
47.34,117.6,2.39
57.49,14,6.73
36.85,148.4,5.38
63.8,22.4,3.31
86.53,134.4,2.72
83.64,58.8,2.74
4,134.4,6.8
61.99,106.4,1.41
103.73,103.6,4.78
58.35,117.6,5.46
42.96,78.4,5.64
18.5,162.4,1.22
63.51,72.8,3.17
67.28,117.6,3.35
40.21,30.8,1.45
11.02,156.8,6.89
67.21,103.6,5.78
21.71,120.4,3.4
86.73,22.4,4.58
31.17,109.2,3.69
39.93,0,1.6
12.74,109.2,3.75
84.81,72.8,6.86
134.69,47.6,4.6
0,170.8,5.01
26.45,134.4,4.17
64.74,47.6,3.94
50.28,81.2,3.66
43.42,92.4,4.41
86.97,47.6,4.44
73.21,53.2,5.4
0,151.2,3.85
54.08,120.4,4.1
22.4,106.4,3.21
0,148.4,5.62
10.65,11.2,3.07
11.37,89.6,4.16
16.49,109.2,3.7
51.94,25.2,4.42
148.39,25.2,5.39
91.43,154,3.15
116.51,134.4,6.33
81.65,70,4.28
88.64,106.4,4.37
39.42,42,3
19.93,103.6,6.72
0,11.2,1.64
115.57,42,5
51.78,114.8,6.58
57.27,72.8,4.75
28.79,92.4,6.7
4.81,25.2,2.01
70.04,137.2,5.51
101.9,47.6,4.42
17.75,92.4,5.55
104.59,75.6,2.17
115.55,112,2.24
95.95,148.4,3.94
112.22,126,4.27
77.92,14,1.07
124.18,95.2,2.15
16.54,126,4.87
93.17,112,5
42.25,61.6,2.76
0,92.4,4.52
78.49,114.8,6.84
3.7,100.8,6.58
27.32,92.4,1.47
12.58,33.6,2.31
66.68,72.8,3.9
46.26,14,5.64
10.49,92.4,5.93
156.68,120.4,2.27
96.9,19.6,3.79
108.72,70,5.52
134.73,100.8,2.15
90.64,117.6,3.06
140.96,134.4,4.88
43.91,47.6,6.42
45.79,70,3.3
60.66,131.6,1.43
53.38,117.6,4.97
113.35,14,4.81
3,140,2.54
9.23,30.8,3.55
59.62,131.6,1.04
120.24,117.6,6.76
54.71,75.6,1.61
4.52,92.4,5.97
154.17,120.4,2.51
70.03,78.4,5.45
35.55,30.8,4.66
123.83,53.2,2.28
89.45,126,3.53
39.26,22.4,4.73
134.83,140,3.91
104.77,120.4,4.22
71.99,156.8,2.97
58.18,120.4,6.93
94.66,165.2,2.36
0,165.2,6.11
41.01,70,1.51
38.23,128.8,1.68
5.84,145.6,5.39
37.11,61.6,5.14
11.23,145.6,2.61
25.63,61.6,1.67
13.09,100.8,5.87
11.49,168,3.27
28.12,100.8,6.4
57.56,162.4,6.74
27.32,89.6,1.98
71.51,145.6,2.53
35.77,120.4,6.97
62.11,22.4,1.69
17.91,156.8,1.21
21.45,61.6,4.18
10.75,98,3.69
48.09,173.6,5.69
22.25,81.2,4.92
22.53,78.4,4.75
16.36,84,6.21
15.53,47.6,5.78
9.03,22.4,3.63
18.11,22.4,3.44
14.71,22.4,3.4
28.27,25.2,4.5
168.3,0,2.23
5.24,120.4,5.16
168.12,123.2,4.75
58.5,61.6,3.26
104.62,78.4,5.74
13.08,173.6,5.63
114.59,128.8,3.59
32.84,53.2,1.14
179.84,0,1.44
100,170.8,3.5
123.25,72.8,1.64
94.2,128.8,3.69
10.7,170.8,6.29
35.57,44.8,1.53
23.59,162.4,6.93
35.05,0,4.88
176.37,28,1.47
3.82,95.2,4.66
175.06,126,5.27
61.76,61.6,5.41
115.07,78.4,1.43
60.31,95.2,4.17
111.5,117.6,3.9
20.5,81.2,1.75
102.15,81.2,6.92
40.11,84,6.08
156.25,47.6,5.76
36.65,84,3.46
119.66,22.4,1.38
32.28,84,4.37
95.52,117.6,5.5
81,8.4,6.32
93.7,117.6,1.82
51.88,134.4,4.99
11.03,8.4,3.64
12.09,154,6.69
31.37,16.8,5.22
20.08,134.4,6.37
170.32,28,6.05
0,86.8,5.57
170.05,126,5.01
91.41,47.6,4.06
118.18,84,3.21
58.18,100.8,5.58
108.96,114.8,5.94
8.34,53.2,5.94
0,134.4,4
179.55,75.6,3.86
179.97,47.6,1.22
38.1,98,1.34
125.99,145.6,6.26
26.29,36.4,1.63
139.29,47.6,3.28
38.76,89.6,2.66
154.54,103.6,6.35
10.85,16.8,1.84
116.28,39.2,5
70.09,100.8,6.33
143.24,162.4,1.35
54.99,159.6,6.8
101.04,16.8,3.55
46.18,162.4,1.9
80.28,92.4,3.47
24.39,67.2,1.42
179.39,8.4,6.54
29.44,117.6,4.98
142.72,145.6,5.41
54.13,47.6,6.9
108.58,75.6,5.03
33.33,103.6,5.03
181.75,103.6,5.15
23.9,14,4.43
104.04,2.8,5.69
32.91,159.6,2.25
144.59,162.4,6.05
56.87,134.4,4.39
129.14,36.4,5.02
26.03,114.8,6.4
115.18,100.8,1.42
5.57,86.8,4.28
180.34,86.8,6
65.63,112,2.39
182.66,156.8,2
9.2,64.4,5.46
134.16,36.4,6.27
50.34,100.8,4.74
115.4,117.6,2.11
91.22,64.4,1.13
180.85,42,4.21
64.48,95.2,4.31
182.06,126,5.32
36.12,53.2,3.93
120,47.6,1.75
19.72,162.4,2.33
142.44,103.6,3.72
27.3,61.6,6.88
149.7,39.2,6.06
43.83,103.6,1.3
180.33,126,1.73
27.99,47.6,3.74
121.75,47.6,2.54
10.28,100.8,2.81
113.6,173.6,4.45
49.86,72.8,1.63
167.85,81.2,4.71
38.36,103.6,5.47
171.14,140,5.66
72.09,50.4,3.62
122.17,67.2,6.8
36.39,128.8,1.84
119.92,109.2,3.06
72.98,84,2.75
181.19,47.6,3.75
33.7,89.6,5.06
126.81,173.6,5.49
30.01,28,6.77
127.82,61.6,1.61
100.54,109.2,2.44
172.01,142.8,3.34
14.25,47.6,1.28
124.08,25.2,6.04
49.18,148.4,4.16
99.25,142.8,4.32
61.79,159.6,6
109.15,154,6.61
13.57,117.6,4.36
128.06,89.6,4.95
27.96,67.2,1.8
176.03,16.8,5.4
16.41,176.4,1.93
165,123.2,3.12
69.83,8.4,4.31
102.4,78.4,2.22
102.98,109.2,2.23
144.43,98,5.27
7.15,61.6,1.55
164.72,47.6,1.34
48.89,140,3.78
169,103.6,2.26
12.96,142.8,6.23
124.08,140,6.44
46.31,156.8,4.85
120.12,95.2,2.24
35.99,72.8,3.77
174.14,11.2,4.85
35.49,92.4,2.64
135.51,156.8,3.43
23.38,67.2,1.01
125.91,84,1.92
86.94,114.8,5.33
136.56,176.4,1.52
28.33,14,6.25
129.83,14,4.54
20.05,140,1.91
102.87,151.2,6.98
63.21,134.4,1.86
104.59,16.8,4.42
17.93,117.6,1.52
111.66,103.6,3.27
39.76,72.8,2.94
161.36,67.2,2.02
24.69,126,2.99
181.31,134.4,1.54
10.75,47.6,3.5
124.71,42,1.17
10.8,134.4,5.4
133.01,89.6,4.67
72.91,61.6,2.53
180.92,61.6,4.84
76.42,103.6,2.14
179.33,117.6,4.14
13.99,42,3.04
129.3,47.6,5.39
25.11,120.4,5.86
142.62,137.2,2.52
99.26,33.6,3.11
170,70,4.96
69.12,112,6.57
173.59,137.2,6.54
0,56,3.54
117.86,36.4,6.52
4.47,137.2,6.51
114.93,103.6,5.16
84.38,56,1.54
166.06,47.6,2.04
72.99,103.6,3.43
183.47,117.6,3.01
9.84,36.4,4.29
108.07,61.6,5.27
0,173.6,4.07
132.07,137.2,4.82
84.73,25.2,3.8
174.18,72.8,6.35
58.28,128.8,2.62
155.63,134.4,6.41
17.26,56,2.1
103.22,44.8,6.1
10.98,137.2,1.83
121.15,89.6,6.91
70.22,58.8,3.92
175.03,61.6,5.89
83.53,98,6.18
182.88,114.8,2.64
3.98,39.2,4.7
126.03,47.6,3.27
1.65,176.4,4.82
118.23,140,4.12
91.05,84,2.7
139.87,78.4,3.33
127.29,78.4,4.02
167.5,44.8,5.31
161.18,86.8,5.47
164.93,56,4.14
68.79,95.2,4.21
30.13,95.2,1
39.22,162.4,6.96
51.59,95.2,2.31
29.32,173.6,1.88
169.21,140,1.93
163.31,95.2,1.68
176.8,140,2.66
140.89,95.2,2.43
146.36,170.8,3.83
11.76,78.4,5.34
19.5,67.2,3.88
23.67,47.6,4.32
39.1,14,4.12
21.31,47.6,2.36
9.87,140,3.83
97.32,114.8,5.69
45.18,95.2,6.41
30.52,162.4,2.55
18.71,173.6,3.54
125.87,120.4,3.38
146.53,120.4,2.46
122.98,109.2,3.14
141.03,156.8,3.25
139.7,98,2.36
80.69,56,3.69
17.1,78.4,3.04
14.48,16.8,4.57
27.28,78.4,1.02
21.64,2.8,5.3
77.56,123.2,2.97
4.81,142.8,1.2
49.34,168,6.78
35.83,86.8,6.77
42.6,86.8,4.87
155.14,112,5.27
148.53,86.8,4.77
172.53,112,1.14
141.54,86.8,1.23
154.58,86.8,6.6
12.78,30.8,4.1
45.14,11.2,4.21
29.38,81.2,6.05
47.56,81.2,2.72
31.21,11.2,3.81
106.69,56,3.07
120.53,0,5.08
91.08,56,5.3
89.32,81.2,4.67
87.09,81.2,2.23
114.98,75.6,2.78
129.43,61.6,3.63
134.47,75.6,5.87
133.06,61.6,5.65
127.94,75.6,6.53
21.44,95.2,6.87
16.19,123.2,4.46
4.38,103.6,1.67
1.34,103.6,3.04
23.3,92.4,4.02
124.83,170.8,1.07
85.57,126,3.88
126.33,95.2,4.11
120.09,103.6,3.52
82.29,126,3.28
79.39,25.2,5.34
30.99,70,2
35.02,11.2,3.16
14.7,19.6,2.37
17.42,75.6,3.66
163.1,0,1.69
173.25,75.6,6.3
180.53,72.8,6.11
179.06,44.8,6.65
166.98,78.4,5.64
128.97,67.2,4.61
3.41,142.8,1.4
148.99,128.8,2.2
56.09,56,2.18
152.77,56,1.06
14.32,137.2,6.21
174.22,128.8,2.02
41.08,25.2,4
111.14,36.4,6.72
23.5,159.6,4.57
129.12,137.2,2.95
41.44,67.2,3.71
145.22,148.4,4.48
20.02,128.8,4.63
149.58,137.2,5.15
29.75,11.2,1.46
121.39,84,4.52
8.23,168,3.26
143.08,131.6,4.57
17.07,19.6,1.17
153.03,50.4,5.62
12.81,137.2,1.51
119.35,151.2,6.53
22.82,0,2.65
104.88,28,2.25
33.92,137.2,3.72
143.41,100.8,1.22
22.98,156.8,3.51
136.47,151.2,6.21
1.38,126,4.86
155.6,126,3.23
29.43,36.4,4.14
179.75,14,1.56
12.99,114.8,3.81
140.23,162.4,3.01
21.08,75.6,6.75
111.99,56,2.26
9.53,117.6,1.34
162.58,103.6,3.52
19.83,61.6,1.62
96.38,56,3.56
9.74,103.6,3.01
119.51,173.6,2.75
17.34,67.2,2.16
132.56,56,3.08
37.97,145.6,3.57
158.79,109.2,2.21
51.49,72.8,5.78
98.5,44.8,4.72
35.75,95.2,1.81
132.25,145.6,2.74
67.63,50.4,4.46
127.14,56,5.42
22.05,162.4,1.54
141.64,92.4,2.22
62.02,72.8,1.49
180.25,19.6,3.98
32.52,112,2.13
127.8,100.8,6.93
26.87,72.8,2.55
90.24,78.4,3.71
11.37,114.8,1.62
166.61,117.6,3.47
68.68,47.6,2.56
132.37,42,3.85
0,117.6,3.6
144.92,112,5.11
37.64,50.4,6.68
157.36,61.6,5.15
61.26,134.4,1.95
153.05,103.6,1.49
5.73,64.4,1.64
105.17,36.4,1.98
33.66,156.8,4.51
182.07,109.2,1.45
52.22,131.6,1.47
153.02,148.4,1.69
31.38,106.4,6.35
134.35,134.4,3.73
28.19,19.6,6.58
136.72,56,6.93
0,128.8,5.28
179.91,114.8,2.97
50.4,56,5.69
123.49,14,2.51
46.68,137.2,6.77
152.56,89.6,1.15
7.37,64.4,1.83
99.2,28,5.68
56.42,112,2.13
182.72,106.4,5.45
66.21,156.8,3.32
166.66,173.6,4.19
24.65,128.8,3.43
172.1,120.4,1.96
55.41,70,5.02
112.86,22.4,3.62
0,120.4,1.95
176.68,114.8,3.23
18.03,70,3.68
151.14,47.6,5.11
34.81,151.2,1.59
151.19,128.8,2.18
44.32,50.4,6.6
97.85,28,1.35
42.23,148.4,6.95
179.35,106.4,3.37
67.79,159.6,4.22
142.68,151.2,4.24
39.25,100.8,3.06
128.18,151.2,2.78
43.99,22.4,1.44
119.17,28,2.37
89.71,98,3.09
153.71,89.6,1.79
28.24,70,2.75
112.38,39.2,3.9
9.94,176.4,6.47
140.11,148.4,5.11
25.47,0,5.34
109.32,44.8,2.76
79.84,120.4,5.97
138.83,89.6,6.65
11.32,75.6,3.64
172.12,56,1.7
30.4,148.4,1.49
164.66,106.4,1.45
18.39,33.6,4.41
145.02,36.4,5.9
53.36,92.4,3.06
155.5,89.6,3.75
29.08,75.6,5.9
121.04,22.4,6.1
18.96,100.8,3.76
149.43,100.8,3.34
25.09,70,3.15
93.99,81.2,4.53
57.04,106.4,4.95
118.8,106.4,6.2
34.58,14,4.52
157.57,81.2,3.92
32.98,145.6,4.99
169.49,106.4,1.42
14.89,33.6,2.32
152.55,64.4,6.05
97.29,95.2,5.68
124.4,92.4,1.95
33.94,72.8,2.05
124.19,5.6,1.27
19.6,95.2,1.84
164.68,120.4,4.64
21.71,70,3.38
115.91,50.4,4.36
85.33,114.8,1.61
94.19,92.4,4.72
26.44,42,4.86
169.07,56,3.05
27.88,145.6,5.1
166.11,106.4,1.41
14.13,36.4,5.49
98.46,78.4,1.2
107.15,36.4,3.99
99.94,56,6.75
125.61,0,3.98
109.84,84,1.67
93.56,95.2,3.73
16.8,114.8,5.61
20.19,109.2,5.01
38.13,92.4,1.26
18.68,170.8,5.65
135.07,95.2,5.82
174.8,114.8,1.88
137.37,103.6,5.07
103.17,126,4.32
138.03,120.4,3.06
31.49,72.8,2.45
22.88,53.2,3.01
29.42,72.8,2.07
22.65,72.8,4.22
28.3,78.4,4.35
6.05,103.6,3.69
43.14,137.2,3.54
13.34,95.2,6.26
5.01,170.8,5.69
33.66,170.8,2.59
164.99,95.2,6.18
92.98,126,4.88
136.89,173.6,5.56
145.37,126,5.46
158.22,95.2,5.09
15.17,5.6,6.15
4.88,56,1.56
51.9,14,5.59
61.28,84,4.03
27.92,36.4,1.51
76.61,95.2,2.63
39.68,95.2,5.5
20.15,168,1.81
39.44,98,1.58
52.54,120.4,1.54
137.55,168,1.15
175.42,106.4,3.93
153.58,98,2.8
132.8,168,4.75
118.74,159.6,4.57
21.28,78.4,1.25
42.16,2.8,6.31
38.41,56,4.73
18.24,19.6,4.18
43.22,14,3.04
172.78,84,6.65
159.7,14,4.09
114.64,44.8,5.91
125.65,44.8,6.71
133.07,5.6,1.21
148.69,84,4.72
142.17,33.6,3.14
136.75,53.2,2.98
174.87,53.2,3.5
153.41,84,2.75
19.12,145.6,5.66
34.52,100.8,4.73
29.3,89.6,4.4
25.33,98,6.58
31.91,98,6.19
177.47,168,3.56
167.02,98,5.56
117.73,165.2,5.72
161,109.2,5.35
160.89,98,6.13
24.13,36.4,2.16
39.25,78.4,3.71
38.18,11.2,2.07
20.14,78.4,1.14
30.81,0,4.24
126.32,39.2,5.37
159.34,84,4.65
151.29,81.2,2.72
131.36,72.8,6.3
149.16,56,3.61
100.05,53.2,1.68
49.73,117.6,1.66
92.8,98,5.39
27.17,81.2,2.21
134.1,19.6,6.07
25.74,173.6,3.58
154.02,173.6,1.61
36.24,33.6,1.34
117.66,8.4,3.56
33.12,8.4,5.96
91.18,5.6,5.75
36.25,170.8,6.55
139.81,2.8,4.52
31.3,42,4.15
158.84,53.2,4.41
46.96,103.6,4.82
133.19,81.2,4.3
73.97,2.8,4.4
124.51,131.6,3.2
71.12,2.8,2.85
112.08,44.8,2.56
61.11,22.4,1
119.75,92.4,4.65
82.6,84,1.61
138.08,176.4,2.13
44.76,8.4,1.32
160.46,120.4,3.17
83.74,67.2,4.31
140.49,168,3.36
101.06,8.4,4.54
169.14,64.4,3.54
44.88,168,4.46
126.52,2.8,3.62
105.54,14,1.43
166.1,103.6,2.9
76.08,168,2.48
123.66,81.2,6.99
29.67,8.4,3.45
113.51,92.4,6.24
82.78,145.6,2.16
178.12,145.6,2.86
39.08,8.4,5.68
169.32,120.4,2.78
91.67,72.8,2.43
180.45,128.8,1.18
80.62,42,4.25
172.68,64.4,4.53
56.12,168,4.01
11.81,14,5.92
0,14,5.64
9.57,72.8,5.53
24.61,56,5.41
1.49,162.4,5.08
10.63,56,6.63
114.9,114.8,4.1
58.23,109.2,1.53
163.63,120.4,1.05
78.81,50.4,2.94
118.22,25.2,1.52
98.4,120.4,6.37
129.86,128.8,4.33
10.11,5.6,5.06
144.86,44.8,2.26
6.11,165.2,2.5
161.42,112,4.41
88.06,36.4,3.91
74.59,81.2,5.81
78.42,137.2,3.32
132.82,98,6.88
41.66,30.8,6.28
143.65,56,3.71
174.92,165.2,6.22
25.21,64.4,6.74
67.68,44.8,6.85
70.58,72.8,4.36
97.73,145.6,4.89
31.95,64.4,6.66
52.1,109.2,6.13
159.57,98,1.32
77.26,75.6,5.95
98.43,36.4,1.84
84.02,128.8,1.06
134.19,128.8,4
17.73,14,6.17
164.52,42,3.94
4.07,173.6,2.46
178.38,98,6.35
80.86,36.4,4.38
71.41,81.2,3.18
63.21,173.6,4.16
126.96,98,4.44
37.58,33.6,6.04
168.51,58.8,4.25
41.53,0,2.36
102.07,98,4.22
83.21,75.6,5.16
140.43,36.4,4.59
56.72,8.4,3.8
148.13,145.6,6.11
56.06,78.4,3.11
138.8,84,3.58
160.89,103.6,1.69
85.76,28,1.21
118.16,14,5.33
117.84,162.4,4.27
44.69,19.6,1.25
126.26,78.4,1.03
31.11,2.8,4.66
146.36,117.6,4.99
78.9,44.8,6.03
100.97,42,5.12
64.22,14,2.67
61.73,145.6,3.16
73.16,70,1.93
100.63,131.6,3.38
25.01,16.8,6.36
102.62,145.6,5.28
100.95,84,1.95
115.68,67.2,6.49
75.09,70,3.77
142.49,170.8,3.87
62.47,58.8,3.5
156.14,114.8,4.27
66.89,14,4.45
103.5,170.8,5.67
78.72,58.8,4.92
135.86,5.6,4.13
93.75,84,1.97
143.09,140,2.11
12.51,58.8,3.53
6.47,58.8,6.04
40.27,176.4,1.08
62.53,126,6.37
94.15,58.8,5.56
30.95,50.4,6.69
67.5,0,3.78
114.3,145.6,6.07
84.85,50.4,2.22
101.04,30.8,5.76
75.84,0,1.41
144.15,42,5.86
87.08,159.6,3.7
147.47,156.8,3.16
68.94,84,4.04
107.9,145.6,6.4
98.95,14,1.39
116.46,53.2,2.39
97.96,140,2.26
131.71,156.8,3.8
71.81,170.8,2.89
150.42,53.2,4.79
48.6,78.4,3.51
109.71,159.6,1.41
42.98,11.2,2.16
107.88,11.2,1.91
66.17,78.4,3.86
152.52,36.4,1.41
110.45,8.4,1.77
161.5,162.4,4.39
72.01,75.6,1.97
123,168,3.18
21.32,5.6,5.43
125.46,5.6,2.24
93.39,14,5.56
129.25,5.6,1.15
93.19,33.6,2.03
155.01,168,6.62
5.92,159.6,3.63
49.53,53.2,5.99
0,53.2,2.7
148.14,134.4,1.11
21.94,58.8,1.93
2.03,19.6,2.67
106.97,14,6.38
111.2,100.8,2.15
64.16,2.8,6.96
140.15,33.6,2.02
49.09,70,6.32
127.71,131.6,5.6
79.92,5.6,3.21
144.9,8.4,5.79
146.49,95.2,5.18
79.56,28,6.2
111.96,19.6,6.59
113.32,162.4,4.52
48.44,165.2,1.65
124.27,19.6,5.73
46.32,72.8,3.54
106.29,98,2.4
117.07,72.8,6.18
184.73,98,1.51
95.89,156.8,6.54
148.67,28,4.54
170.08,117.6,5.25
184.66,156.8,1.66
185.68,170.8,1.83
185.69,162.4,1.22
186.91,162.4,1.07
152.78,170.8,5.17
63.81,117.6,3.47
83.52,14,4.32
79.7,53.2,6.64
80.77,100.8,1.88
78.28,64.4,1.86
65.97,58.8,4.25
44.93,64.4,4.16
48.65,159.6,6.34
56.32,128.8,1.96
137.07,8.4,2.5
65.56,64.4,4.69
67.79,39.2,1.09
73.98,75.6,3.28
58.52,39.2,5.62
92.19,170.8,6.11
163.93,8.4,3.3
80.32,170.8,5.75
87.58,16.8,5.23
32.22,126,3.12
51.39,117.6,1.99
21.41,126,3.28
78.61,53.2,1.09
67.37,173.6,4.83
158.04,33.6,3.92
153.78,25.2,1.89
153.21,28,1.29
109.55,168,5.37
136.97,154,2.72
104.5,64.4,5.49
140.79,39.2,3.54
167.71,140,1.5
111.91,58.8,4.96
182.1,84,4.67
167.07,128.8,2.45
165.94,5.6,2.03
101.06,137.2,5.25
176.05,100.8,4.87
170.85,173.6,1.88
171.56,39.2,6.95
156.66,137.2,3.17
162.82,151.2,5.34
88.8,28,5.9
162.93,22.4,6.37
113.2,11.2,5.39
155.74,30.8,2.29
163.92,2.8,5.77
169.67,42,3.18
179.56,36.4,2.78
154.93,176.4,5.44
151.22,151.2,1.32
172.73,25.2,2.03
129.03,165.2,4.73
156.98,28,2.32
178.51,39.2,2.31
90.6,176.4,4.45
139.99,5.6,3.32
168.86,89.6,6.84
181.03,168,2.22
64.53,8.4,5.3
177.7,22.4,2.19
87.32,173.6,3.22
146.42,92.4,6.44
87.07,50.4,3.59
163.07,5.6,1.23
138.56,30.8,1.15
157.95,170.8,5.04
107.61,140,1.36
109.51,28,2.45
156.68,2.8,1.38
139.73,53.2,4.02
63.84,142.8,4.87
130.36,123.2,4.3
85.24,36.4,2.82
180.82,39.2,2.91
162.04,134.4,1.58
88.05,67.2,2.02
133.84,86.8,4.36
93.7,148.4,2.25
153.37,128.8,4.39
88.81,128.8,5.39
116.86,64.4,3.39
172.73,173.6,2.29
107.13,28,2.38
130.14,2.8,5.16
163.62,134.4,5.8
122.45,25.2,1.63
173.67,112,2.03
86.07,16.8,1.51
163.45,75.6,2.28
159.3,28,4.57
182.34,36.4,5.88
185.06,42,3.4
175.02,173.6,3.14
167.13,75.6,4.9
183.99,2.8,5.01
160.46,165.2,1.62
142.57,47.6,6.67
135.28,25.2,5.78
55.55,142.8,5.61
153.93,36.4,3.93
134.66,123.2,2.74
170.65,131.6,6.33
87.24,30.8,2.18
137.06,58.8,4.26
61.16,142.8,2.68
163.23,114.8,3.42
106.09,42,4.66
141.32,58.8,1.58
46.29,142.8,6.08
173.11,114.8,1.69
116.9,33.6,4.03
145.28,5.6,5.43
172.17,145.6,3.56
113.23,47.6,6.77
88.29,95.2,2.5
89.01,142.8,6.6
100.69,25.2,2.71
156.8,33.6,1.24
148.66,142.8,4.46
107.09,67.2,2.73
98.73,50.4,6.05
35.77,2.8,6.39
160.41,114.8,2.82
77.89,131.6,2.04
113.78,106.4,2.65
159.06,156.8,5.3
155.36,16.8,4.47
127.08,28,5.31
166.98,165.2,5.55
168.26,86.8,4.48
122.84,134.4,5.74
157.1,5.6,5.97
169.75,16.8,4.94
132.39,28,5.38
140.21,176.4,4.71
154.84,42,6.49
149.25,134.4,6.38
154.71,148.4,4.6
141.69,28,3.48
153.12,142.8,1.19
94.74,50.4,3.99
159.83,16.8,3.76
87.26,123.2,1.96
148.37,165.2,3.69
113.35,148.4,6.69
168.49,159.6,5.45
105.12,25.2,6.22
106.6,53.2,6.85
7.62,142.8,5.34
120.04,148.4,3.35
103.4,25.2,1.72
104.78,50.4,1.55
76.88,176.4,5.28
127.77,154,2.33
104.29,33.6,5.86
126.4,128.8,3.46
171.26,103.6,5.72
134.95,126,5.63
99.71,58.8,6.72
140.74,123.2,1.83
87.01,0,6.96
156.4,95.2,1.82
95.61,142.8,3.64
85.93,70,6.87
122.36,95.2,1.82
12.28,42,1.71
161.91,106.4,2.75
129.63,106.4,2.98
94.58,154,4.74
166.33,19.6,2.4
150.46,140,6.29
108.97,140,5.61
105.45,154,3.7
125.07,148.4,3.24
166.65,114.8,6.46
128.87,168,3.93
162.08,165.2,2.33
131.99,92.4,3.53
126.35,92.4,5.64
135.52,92.4,6.12
168.73,19.6,6.25
104.01,131.6,5.01
114.58,140,1.53
116.11,140,2.12
117.34,176.4,4.34
145.74,0,4.94
85.31,61.6,5.34
107.93,148.4,5.42
122.32,126,5.75
153.3,86.8,1.28
121.22,8.4,5.1
150.68,0,1.18
80.63,61.6,4.68
158.95,120.4,1.51
94.59,75.6,4.66
120.86,156.8,6.59
15.43,0,5.77
159.18,100.8,4.5
118.18,128.8,3.51
171.21,5.6,3.3
170.53,0,5.52
170.47,67.2,4.67
68.44,151.2,6.05
135.21,173.6,1.68
91.97,36.4,6.46
155.76,39.2,5.43
176.98,131.6,2.44
175.7,112,4.86
182.43,53.2,4.31
177.46,170.8,2.67
174.69,16.8,1.34
103.88,162.4,4.42
186.43,123.2,2.7
178.16,173.6,6.53
180.13,170.8,5.55
174.18,42,3.12
178.3,142.8,2.2
82.4,16.8,1.51
180.56,112,6.31
150.71,5.6,6.39
180.09,33.6,5.87
174.25,33.6,4.27
178.52,33.6,1.57
177.2,30.8,5.61
184.69,173.6,4.36
185.16,142.8,1.99
182.81,30.8,5.56
150.61,168,1.92
175.14,67.2,3.89
164.3,5.6,1.64
74.49,151.2,4.99
161.19,39.2,5.27
175.78,98,2.6
170.51,170.8,3.71
89.42,30.8,6.32
179.03,67.2,6.42
79.48,151.2,3.25
172.58,98,1.25
95.74,30.8,5.3
184.55,81.2,5.59
176.05,0,3.79
175.73,145.6,2.39
94.57,25.2,6.12
141.9,165.2,6.47
145.31,33.6,4.6
125.85,86.8,3.31
89.49,19.6,5.02
150.53,58.8,2
110.92,120.4,1.31
125.46,30.8,2.35
127.81,30.8,4.17
95.18,44.8,3.32
140.58,126,4.79
157.37,19.6,4
146.92,151.2,4.3
177.84,28,6.83
106.33,50.4,4.28
139.71,30.8,1.61
152.17,120.4,2
97.11,67.2,1.12
146.57,72.8,5.78
109.79,11.2,3.41
123.4,128.8,1.46
109.4,39.2,2.98
123.31,159.6,6.62
132.26,176.4,4.3
131.98,30.8,6.58
130.65,81.2,2.54
133.13,39.2,6.33
145.58,159.6,3.66
155,154,2.22
142.7,11.2,6.58
134.25,170.8,1.75
162.35,128.8,3.01
28.85,2.8,2.26
130,19.6,4.1
122.83,16.8,1.98
144.94,67.2,3.28
108.99,120.4,1.93
146.16,103.6,6.89
89.15,86.8,6.03
124.81,16.8,6.61
85.08,128.8,3.73
132.3,173.6,2.91
139.42,159.6,2.09
155.85,61.6,1.51
181.92,25.2,2.65
140.38,140,2.71
138.74,140,1.64
159.31,148.4,5.29
72.94,67.2,3.54
108.67,72.8,4.06
96.85,159.6,2.63
118.59,11.2,3.58
144.34,16.8,2.33
95.48,61.6,2.43
156.75,140,5.09
58.13,151.2,5.3
125.99,56,1.15
62.44,25.2,1.44
112.73,72.8,4.34
148.61,30.8,1.69
170.67,137.2,2.92
98.25,173.6,6.16
124.45,30.8,1.01
78.28,16.8,4.12
113.34,61.6,2.2
83.91,16.8,2.16
137.13,142.8,5.92
109.02,131.6,3.7
122.35,140,1.73
122.89,170.8,1.94
157.24,25.2,4.44
143.05,142.8,5.61
127.65,142.8,3.86
146.67,16.8,4.41
165.57,137.2,5.1
144.28,156.8,3.19
112.22,8.4,3.79
116.08,170.8,3.49
114.24,70,6.28
127.64,8.4,2.75
90.12,170.8,2.07
164.6,148.4,1.91
65.06,70,6.03
103.68,70,2
99.28,162.4,4.6
150.19,170.8,2.59
71.09,70,2.07
119.31,56,6.68
82.46,156.8,3.48
128.58,134.4,5.77
109.37,126,2.85
88.39,151.2,5.92
110.15,33.6,1.99
165.84,53.2,4.43
81.55,173.6,5.77
137.49,81.2,4.49
142.1,8.4,2.8
107.29,100.8,3.91
142.39,100.8,1.02
9.86,0,5.57
158.65,50.4,1.44
39.81,47.6,4.1
73.95,126,5.83
183.1,16.8,5.62
94.31,151.2,1.57
107.49,126,1.88
169.29,67.2,1.18
107.12,0,4.07
185.63,131.6,4.66
140.82,16.8,3.52
165.51,89.6,1.98
138.38,131.6,2.18
133.76,165.2,1.86
159.25,89.6,2.27
179.89,22.4,4.08
118.07,142.8,4.78
110.79,165.2,2.75
146.26,22.4,2.01
102.68,148.4,5.25
121.68,154,6.09
88.53,25.2,6.04
126.89,123.2,3.47
173.5,47.6,6.47
161.46,78.4,5.52
50.48,126,2.65
99.89,148.4,2.79
82.66,30.8,4.58
178.82,56,3.51
84.63,86.8,1.1
130.1,154,3.95
112.14,33.6,1.34
160.09,50.4,5.49
87.23,176.4,3.37
166.46,39.2,1.54
164.41,165.2,1.49
161.6,142.8,4.19
159.83,137.2,3.64
168.26,33.6,5.99
168,39.2,3.56
143.86,92.4,2.56
166.65,86.8,1.61
152.53,168,2.48
183.25,168,5.2
179.46,140,5.38
178.7,148.4,3
113.35,100.8,1.83
94.7,28,3.15
90.99,131.6,1.89
74.5,56,6.19
57.03,19.6,6.93
121.11,75.6,2.65
34.18,61.6,2.93
71.48,148.4,1.67
99.48,159.6,5.24
165.79,142.8,2.39
43.22,123.2,4.69
56.36,25.2,6.08
162.85,140,4.86
34.04,58.8,2.89
0,72.8,4.11
16.91,106.4,5.49
119.25,86.8,6.6
89.22,123.2,5.86
186.64,72.8,1.07
40.05,134.4,6.26
0,36.4,1.43
14.64,61.6,5.19
105.21,109.2,3.96
0,100.8,3.7
71.84,39.2,1.27
112.9,42,2.67
129.16,86.8,4.68
7.3,16.8,1.35
4.98,22.4,4.05
171.8,50.4,5.37
173.61,92.4,2.54
67.23,134.4,4.4
16.9,50.4,2.51
114.25,56,5.06
108.33,128.8,6.26
3.11,16.8,4.19
165.89,162.4,4.81
0,8.4,6.72
140.96,44.8,3.9
48.2,106.4,6.47
132.24,114.8,5.64
47.06,120.4,5.48
6.48,44.8,6.71
100.01,106.4,2.21
98.91,92.4,6.96
135.64,44.8,3.03
34.03,78.4,5.22
149,106.4,6.51
0,95.2,3.82
144.89,61.6,3.4
52.53,84,3.74
0,39.2,3.98
0,103.6,1.34
0,22.4,4.98
84.93,44.8,3.95
8.7,61.6,2.86
0,109.2,6.93
166.48,61.6,2.96
52.7,89.6,5.81
103.57,142.8,3.58
41.74,44.8,4.19
60.9,128.8,2.62
92.55,109.2,4.33
185.93,8.4,2.25
90.64,89.6,5.15
102.43,156.8,3.78
74.96,156.8,4.43
143.94,50.4,4.23
66.45,42,5.48
7.67,112,4
74.22,92.4,6.06
75.53,162.4,6.08
169.44,61.6,5.59
4.79,112,2.88
176.15,92.4,5.39
101.39,134.4,3.99
96.93,72.8,2.1
13.16,50.4,3.74
9.67,114.8,1.7
0,70,3.01
106.32,47.6,2.59
58.36,114.8,3.13
1.26,106.4,5.16
66.21,128.8,3.66
9.15,50.4,4.01
64.13,109.2,6.64
70.78,22.4,4.41
0,75.6,1.81
64.26,98,1.1
0,106.4,1.26
52.36,58.8,3.97
76.88,120.4,2.96
4.85,114.8,4.82
56.42,92.4,5.06
5.51,50.4,3.64
0,19.6,2.03
60.43,70,4.63
94.31,42,1.64
180.5,142.8,4.66
174.51,5.6,6.02
67.17,61.6,5.74
67.48,25.2,2.24
119,114.8,5.41
0,42,5.62
78.42,72.8,6.39
88.57,137.2,2.02
180.53,5.6,2.11
75.44,61.6,5.19
113.48,33.6,3.42
105.38,134.4,1.22
116.15,109.2,3.77
0,28,5.95
72.01,159.6,5.86
0,58.8,6.47
0,98,5.12
3.77,61.6,3.38
0,61.6,3.77
