8.2,28,2.36
0,47.6,5.24
6.21,19.6,1.51
6.22,33.6,5.28
14.7,2.8,1.4
0,44.8,5.64
0,22.4,3.74
10.56,28,1.06
4.5,39.2,1.24
11.62,28,1.04
0,2.8,4.59
1.81,16.8,2.61
0,39.2,4.5
0,33.6,6.22
0,14,3
0,16.8,1.81
0,78.4,3.27
0,28,5.48
1.85,5.6,4.54
4.59,2.8,6.64
35.67,134.4,6.57
0,19.6,6.21
5.48,28,2.72
17.46,2.8,1.48
11.07,8.4,3.8
5.48,89.6,2.09
10.93,86.8,4.91
15.55,81.2,5.57
3.27,78.4,2.99
0,75.6,6.85
105,0,1.98
137.04,137.2,4.42
136.77,2.8,6.21
68.22,123.2,4.97
48.67,126,3.89
121.38,44.8,2.14
11.23,2.8,3.47
91.9,44.8,3.9
0,11.2,5.09
110.11,128.8,4.52
0,112,5.26
144.94,14,6.03
58.76,86.8,1.32
97.1,106.4,2.02
41.81,86.8,3.45
137.22,44.8,4.39
36.99,84,4.07
143.36,123.2,5.53
137.6,0,5.93
96.24,137.2,5.64
10.32,50.4,3.58
69.63,0,4.79
52.63,89.6,2.88
80.4,81.2,5.78
27.25,78.4,2.82
56,103.6,5.03
22.04,0,1.24
146.8,44.8,3.26
130.55,137.2,2.11
136.71,67.2,2.41
69.05,84,5.08
86.53,131.6,3.78
37.29,81.2,2.91
25.63,50.4,4.26
135.27,8.4,1.29
71.1,134.4,6.54
85.78,78.4,5.1
86.35,70,2.98
148.63,126,1.99
73.42,81.2,6.98
100.7,98,3.9
131.55,47.6,5.85
125.73,84,3.66
73.19,123.2,4.36
79.43,89.6,5.25
97.59,89.6,3.68
149.93,134.4,1.7
115.13,123.2,1.76
131.62,109.2,1.14
124.27,33.6,4.64
88.67,123.2,6.87
89.69,86.8,1.29
90.1,95.2,2.04
130.83,50.4,5.79
86.32,72.8,5.47
103.73,70,4.4
138.99,98,6.97
139.57,30.8,2.61
81.51,120.4,1.71
70.49,70,2.07
102.69,112,6.39
148.76,64.4,4.54
128.19,120.4,5.11
86.16,120.4,3
147.24,5.6,3.25
69,98,2.21
19,137.2,3.18
71.33,106.4,4.37
68.01,128.8,5.25
132.66,137.2,1.89
120.74,103.6,6.95
94.04,61.6,1.06
105.3,42,4.18
100.23,134.4,5.93
0,131.6,1.04
109.08,112,5.63
117.84,103.6,2.9
95.8,44.8,1.81
45.84,120.4,6.35
123.26,128.8,4.36
41.06,84,2.22
72.3,61.6,3.58
116.42,109.2,2.47
11.06,30.8,1.18
101.27,89.6,5.5
11.53,134.4,3.18
92.14,95.2,5.84
0,30.8,3.98
124.71,64.4,3.29
14.77,100.8,2.02
133.39,112,6
24.37,30.8,6.35
114.99,103.6,2.85
35.97,86.8,1.01
85.7,28,3.88
76.55,128.8,4.14
122.58,42,4.84
89.4,114.8,3.84
7.57,89.6,5.16
126.88,30.8,4.93
34.69,81.2,2.6
108.09,128.8,2.02
38.7,75.6,2.49
52.5,50.4,6.6
48.62,95.2,6.05
75.17,103.6,4.74
62.34,84,2
123.34,30.8,3.54
24.55,128.8,6.08
111.52,109.2,2.14
10.36,42,5.5
89.58,28,3.41
104.86,50.4,2.83
109.6,106.4,3.01
145.18,117.6,5.94
8.08,5.6,1.35
95.1,61.6,2.02
9.48,67.2,1.27
126.04,50.4,4.79
17.86,14,6.74
72.88,19.6,5.77
63.3,14,4.08
75.97,39.2,1.05
7.72,19.6,3.72
124.14,109.2,2.14
44.11,103.6,5.58
131.81,30.8,1.28
32.61,8.4,2.43
131.78,61.6,6.69
62.48,30.8,4.32
0,42,4.38
93.24,114.8,6.15
43.13,128.8,6.03
101.61,109.2,5.88
52.68,117.6,1.06
106,114.8,3.19
17.65,53.2,1.15
76.36,5.6,6.1
11.05,39.2,3.29
142.98,2.8,2.14
20.96,78.4,6.29
84.94,106.4,5.22
49.61,75.6,6.28
104.53,39.2,1.02
46.76,140,1.27
98.91,19.6,3.47
85.46,14,5.31
10.04,140,4.34
99.33,109.2,2.28
32.6,123.2,3.27
81.35,28,4.35
5.89,30.8,3.74
82.46,5.6,5.4
23.59,36.4,5.23
106.21,100.8,3.79
35.04,8.4,3.61
127.45,114.8,4.51
10.35,123.2,1.75
62.34,64.4,2.09
47.03,123.2,6.15
80.2,8.4,6.07
43.28,84,1.84
35.04,126,5.64
128,64.4,2.32
66.8,30.8,6.96
62.08,50.4,1.28
26.2,19.6,3.12
43.89,0,5.89
62.91,11.2,5.5
102.38,19.6,6.05
15.52,95.2,5.37
119.22,0,1.61
2.02,106.4,2.46
118.74,117.6,3.12
65.71,78.4,2.41
119.91,120.4,1.4
41.28,78.4,3.36
123.64,120.4,4.55
90.16,106.4,6.94
25,89.6,3.8
118.32,39.2,3.33
2.46,56,6.92
151.11,25.2,1.22
19.8,47.6,1.01
128.14,98,6.84
9.69,61.6,1.53
89.16,120.4,4.52
5.39,36.4,2.77
140.51,84,1.44
64.32,22.4,3.22
118.89,109.2,5.25
0,36.4,1.63
103.59,2.8,6.95
1.55,64.4,6.57
65.6,19.6,2.58
96.82,109.2,2.51
16.1,30.8,6.86
75.7,106.4,2.67
30.58,5.6,6.31
127.23,2.8,5.09
12.81,36.4,3.94
74.42,0,6.62
0,64.4,1.55
145.12,2.8,3.56
5.64,44.8,6.35
84.99,42,1.69
73.25,28,3.25
75.85,89.6,3.58
15.42,56,4.75
77.02,39.2,5.6
86.94,114.8,2.46
57.83,53.2,6.69
153.45,95.2,1.77
52.03,84,1.6
107.11,8.4,5.62
13.83,19.6,5.11
55.29,16.8,6.55
50.92,2.8,6.3
128.1,19.6,1.72
79.9,47.6,6.36
123.38,50.4,2.66
17.81,16.8,1.93
59.58,140,6.66
63.51,2.8,3.66
137.05,78.4,6.07
8.69,16.8,3.07
11.26,78.4,2.44
93.62,72.8,2.45
61.89,126,4.15
76.83,50.4,4.01
4.38,42,4.08
94.74,128.8,3.83
56.66,22.4,3.93
118.49,5.6,1.13
43.81,16.8,4.59
140.85,86.8,5.79
18.03,64.4,1.34
96.35,39.2,2.32
68.92,28,4.33
134.85,117.6,1.63
0,61.6,4.65
146.89,114.8,1.9
134.34,86.8,3.28
37.91,0,2.87
82.45,95.2,2.46
10.27,47.6,2.94
137.2,98,1.79
0,67.2,4.26
95.89,84,2.4
2.46,50.4,3.11
120.94,50.4,2.44
11.44,19.6,2.39
138.73,75.6,4.78
20.12,11.2,1.54
144.09,95.2,3.49
32.4,0,5.51
129.39,84,4.43
4.42,16.8,4.27
15.5,47.6,4.3
110.91,39.2,5.95
48.61,28,6.66
73.11,131.6,5.15
33.84,16.8,3.91
80.74,109.2,2.64
20.81,47.6,1.06
90.88,78.4,3.06
53.47,114.8,2.81
89.94,33.6,4.57
26.22,75.6,4.75
102.64,131.6,3.18
33.27,81.2,1.42
50.91,16.8,4.38
74.29,137.2,3.1
113.22,11.2,6.34
138.47,61.6,4.57
16.81,117.6,2.33
146.88,78.4,4.7
10.77,117.6,4.98
98.67,39.2,5.86
6.51,92.4,4.91
98.16,22.4,4.85
1.07,72.8,2.38
76.49,78.4,6.17
17.85,86.8,3.84
147.99,84,3.3
33.88,131.6,4.42
109.37,58.8,5.97
70.78,100.8,2.37
78.65,19.6,2.32
143.79,126,4.84
66.04,126,2.78
102.28,128.8,5.81
77.91,120.4,3.6
98.57,128.8,3.71
70.9,89.6,4.95
92,84,3.89
65.08,89.6,5.82
77.19,75.6,4.28
84.61,92.4,1.69
86.3,92.4,4.42
90.72,92.4,5.69
62.05,89.6,1.97
142.25,131.6,6.02
113.46,140,2.63
116.09,140,5.75
141.46,137.2,6.63
73.54,86.8,4.71
65.89,81.2,1.77
75.24,75.6,1.95
67.66,81.2,5.76
104.6,98,5.29
119.99,89.6,3.83
126.45,92.4,1.57
110.81,95.2,3.42
134.16,95.2,2.16
131.75,100.8,2.11
123.01,106.4,6.27
121.99,98,6.15
118.8,28,2.68
142.75,103.6,4.34
129.28,106.4,1.79
144.3,53.2,2.19
93.52,134.4,5.3
84.32,131.6,2.21
66.11,134.4,4.99
59.67,134.4,6.44
104.72,103.6,1.19
104.84,86.8,5.65
109.52,78.4,6.06
94.91,86.8,6.94
88.5,98,6.98
116.12,95.2,5.42
82.12,98,6.38
114.46,100.8,6.16
147.46,134.4,2.47
127.88,100.8,3.87
141.82,106.4,6.09
131.07,106.4,1.98
121.31,120.4,2.33
128.04,117.6,6.81
136.48,117.6,1.06
123.57,117.6,4.47
101.74,120.4,1.79
116.02,131.6,3.7
100.18,120.4,1.56
131.6,123.2,6
143.42,33.6,4.31
147.3,36.4,6.11
152.89,19.6,1.28
139.89,33.6,3.53
59.51,112,5.33
50.32,112,2.86
30.94,117.6,4.73
33.53,140,6.85
27.57,140,2.8
49.85,109.2,4.61
45.33,114.8,4.64
110.67,67.2,6.11
69.15,120.4,4.16
116.78,67.2,3.01
97.77,103.6,2.87
95.07,103.6,2.7
65.85,120.4,3.3
96.36,117.6,3.93
52.56,126,4.96
77.23,117.6,2.76
56.95,67.2,2.47
69.09,103.6,2.5
71.98,117.6,5.25
67.87,131.6,5.24
68.8,67.2,6.76
77.4,84,1.63
51.4,137.2,6.88
58.63,61.6,6.03
94.53,137.2,1.71
48.03,140,6.2
24.2,117.6,2.82
77.39,137.2,5.43
47.09,117.6,3.5
59.76,117.6,4.75
50.59,117.6,2.09
100.64,103.6,4.08
85.91,103.6,5.11
55.05,117.6,4.71
53.18,112,6.33
24.57,61.6,6.45
40.96,67.2,1.97
19.15,67.2,5.19
82.65,67.2,4.56
80.8,67.2,1.85
60.87,95.2,1.04
14.75,67.2,2.9
61.27,25.2,5.95
57.16,44.8,1.63
63.38,42,6.27
123.31,36.4,6.92
130.23,36.4,3.83
69.63,25.2,1.52
58.28,42,5.1
80.73,140,5.53
117.64,134.4,3.25
119.71,137.2,4.67
115.48,126,1.99
111.37,126,4.11
108.27,137.2,2.58
95.12,140,3.28
0,106.4,2.02
12.8,131.6,6.65
6.31,126,3.48
47.05,131.6,1.07
26.55,126,5.47
0,126,2.99
8.07,100.8,6.7
4.62,103.6,1.01
9.21,98,2.39
3.17,103.6,1.45
78.37,106.4,2.1
62.76,106.4,3.13
26.48,95.2,5.01
6.38,100.8,1.69
89.58,137.2,4.95
82.82,137.2,3.08
58.28,137.2,4.4
128.9,112,4.49
120.95,114.8,6.5
44.33,140,2.43
62.68,137.2,2.1
64.67,50.4,5.73
40.18,44.8,1.46
90.14,44.8,1.76
102.58,30.8,6.39
90.42,42,5.83
36.57,50.4,3.73
98.09,25.2,5.04
68.79,95.2,2.21
51.97,39.2,2.49
88.67,47.6,3.26
27.02,117.6,2.54
64.19,120.4,1.66
44.49,39.2,2.01
86.26,47.6,2.41
143.21,30.8,6.44
127.52,25.2,4.18
129.57,28,5.38
128.45,126,4.91
124.69,126,3.76
121.48,28,2.13
120.83,0,6.41
61.91,95.2,2.42
127.82,75.6,4.5
49.57,86.8,2.81
45.48,70,3.9
34.97,70,1.63
115.59,84,4.81
30.97,75.6,1.31
117.6,42,4.98
98.11,70,5.62
111.28,42,6.32
109.94,81.2,2.68
112.62,81.2,5.35
98.29,61.6,3.76
119.54,47.6,2.52
13.43,126,4.38
10.71,95.2,4.81
17.81,126,2.29
36.99,112,4.37
35.87,95.2,6.72
22.94,86.8,1.54
6.19,114.8,3.18
90.21,61.6,2.76
116.29,61.6,2.52
79.8,70,6.55
111.81,89.6,1.42
113.23,89.6,6.76
96.74,58.8,4.63
91.45,70,1.05
35.67,117.6,5.41
40.38,140,3.95
53.88,120.4,4.57
30.37,140,3.16
14.38,140,6.51
42.24,134.4,4.03
58.45,120.4,5.74
110.61,56,5.47
59.1,50.4,2.98
104.02,56,6.59
96.61,112,6.08
89.63,112,6.98
73.77,39.2,2.2
116.08,56,2.28
24.28,28,6.25
36,42,1.19
16.75,36.4,6.84
23.83,56,2.39
27.44,56,5.62
32.94,22.4,6.67
19.74,16.8,6.18
135.36,131.6,2.09
128.84,81.2,4.49
133.36,126,4.18
125.28,70,2.48
145.09,70,6.14
119.72,131.6,5.82
137.54,117.6,2.92
0,86.8,2.82
15.84,86.8,2.01
5.65,86.8,5.28
28.27,103.6,4.27
12.01,103.6,4.36
0,84,2.91
2.91,84,3.6
127.69,103.6,3.44
127.87,72.8,1.98
147.09,103.6,5.03
143.05,114.8,3.84
137.66,114.8,5.39
132.82,70,6.43
148.43,109.2,2.81
59.38,78.4,6.33
53.86,44.8,3.3
68.12,78.4,6.3
53.65,47.6,1.93
22.96,30.8,1.41
60.49,81.2,5.4
73.76,30.8,5.41
81,64.4,6.71
72.68,98,3.28
66.91,98,2.09
113.39,103.6,1.6
113.66,109.2,2.76
105.45,78.4,4.07
109.07,92.4,6.68
22.78,120.4,5.35
49.38,70,6.26
1.43,89.6,4.05
22.28,89.6,2.72
19.64,89.6,2.64
49.97,114.8,3.5
6.51,84,5.83
106.55,25.2,6.47
103.13,25.2,3.42
94.11,30.8,4.7
133.09,30.8,4.52
108.97,30.8,4.66
113.02,25.2,1.82
82.65,16.8,4.08
37.02,89.6,6.57
56.36,36.4,6.87
52.38,86.8,6.38
21.2,25.2,4.64
25.84,25.2,6.75
28.8,89.6,5.37
33.06,56,6.04
102.05,61.6,3.77
102.02,50.4,2.84
126.61,56,2.57
121.65,39.2,2.53
126.9,44.8,6.34
132.42,56,4.6
125.17,56,1.44
20.1,126,6.45
35.87,123.2,3.19
27.45,123.2,5.15
14.48,89.6,1.28
12.73,89.6,1.75
52.19,120.4,1.69
31.49,95.2,4.38
110.71,0,6.61
92.8,0,3.2
117.32,0,1.9
118.68,30.8,4.66
94.51,33.6,1.77
87.39,0,5.41
117.58,8.4,4.54
14.87,8.4,1.33
69.65,53.2,2.88
23.99,53.2,4.91
47.75,61.6,5.94
19.08,58.8,6.04
57.58,14,5.72
20.17,56,3.66
114.29,134.4,3.35
72.56,70,2.24
110.85,137.2,6.99
73.61,140,1.99
85.48,134.4,1.07
58.09,58.8,4.31
114.63,128.8,3.11
21.28,28,3
28.09,33.6,5.89
15.23,28,6.05
37.47,33.6,3.56
15.86,42,4.6
11.16,25.2,5.2
18.29,22.4,1.45
120.93,70,4.35
124.21,81.2,4.63
109.49,72.8,5.13
89.95,53.2,5.6
95.55,53.2,1.91
131.06,86.8,3.28
118.07,70,2.86
39.94,47.6,3.62
55.58,47.6,2.02
43.56,47.6,5.31
44.64,78.4,2.88
36.92,53.2,3.54
25,75.6,1.22
11.76,16.8,6.05
127.62,109.2,4
83.22,120.4,1.74
114.45,117.6,4.29
104.23,123.2,4.47
84.96,120.4,1.2
89.79,117.6,6.57
114.9,120.4,3.76
48.4,16.8,1.07
87.62,2.8,3.09
72.94,2.8,5.34
56.92,19.6,1.94
85.47,2.8,2.15
79.98,2.8,5.49
67.17,2.8,5.77
92.77,14,1.88
85.01,39.2,1.68
92.33,16.8,5.75
100.53,33.6,3.27
98.47,33.6,2.06
74.94,33.6,4.57
102.53,14,6.02
27.39,131.6,6.49
31.42,137.2,3.68
9.75,134.4,1.78
36.72,128.8,4
40.72,128.8,2.41
4.73,140,5.31
12.34,128.8,6.89
122.56,25.2,2.83
80.47,106.4,4.47
114.23,95.2,1.89
71.21,98,1.47
100.12,95.2,4.23
105.96,84,2.79
108.96,89.6,2.85
34.17,89.6,2.85
45.07,11.2,1.83
40.53,11.2,4.54
36.02,11.2,1.85
20.46,42,5.91
32.06,11.2,3.96
23.28,0,3.3
107.48,44.8,4.82
76.47,16.8,6.18
88.4,42,2.02
65.62,33.6,5.68
81.36,25.2,4.22
93.33,5.6,4.27
100.64,36.4,6.66
82.86,103.6,1.48
137.23,103.6,5.52
91.02,103.6,4.05
121.63,58.8,6.66
128.29,58.8,3.81
88.32,112,1.31
110.58,103.6,2.81
131.82,5.6,3.53
141.65,39.2,6.47
143.53,0,2.01
140.46,117.6,4.72
143.39,120.4,3.23
148.12,39.2,5.03
135.35,5.6,5.61
0,5.6,1.85
13.93,5.6,2.59
0,0,1.64
9.43,5.6,4.5
4.97,0,6.63
2.84,0,2.13
6.39,5.6,1.69
105.82,131.6,4.38
89.78,126,5.77
97.58,126,6.98
74.8,70,5
89.33,70,2.12
96.67,131.6,5.97
125.54,131.6,3.88
21.12,81.2,3.01
60.26,75.6,5.96
23.57,84,6.75
21.04,70,1.77
40.54,70,4.94
44.34,30.8,5.42
12.34,84,5.11
139.25,70,5.84
108.13,70,3.66
128.29,67.2,2.61
139.48,56,4.35
132.32,75.6,4.26
111.79,70,6.28
115.34,58.8,6.29
41.49,114.8,3.84
36.4,114.8,5.09
32.02,126,3.02
36.97,109.2,6.6
42.71,112,4.81
30.43,114.8,5.97
2.99,126,3.32
83.55,44.8,3.58
75.11,44.8,4.87
79.98,44.8,3.57
76.39,22.4,3.43
76.09,25.2,5.27
91.93,47.6,4.92
82.62,39.2,2.39
73.15,100.8,3.82
46.7,106.4,4.08
33.56,106.4,6.44
72.85,112,5.21
71.52,112,1.33
64,100.8,6.78
30.06,106.4,3.5
94.65,14,1.66
116.97,5.6,1.52
96.31,14,6.22
107.3,36.4,4.55
116.66,2.8,1.97
110.54,2.8,4.44
109.68,14,1.42
32.28,75.6,6.42
26.22,56,1.22
28.2,47.6,6.25
18.8,53.2,5.19
5.57,50.4,4.75
33.71,112,1.61
3.98,30.8,1.91
114.84,25.2,1.05
71.15,25.2,4.94
115.89,25.2,6.67
112.03,75.6,2.19
103.9,72.8,5.59
61.84,16.8,2.81
108.55,14,1.13
30.74,100.8,1.74
34.43,109.2,2.54
6.6,106.4,4.49
27.7,109.2,6.73
49.69,103.6,6.31
24.81,114.8,5.62
24.36,109.2,3.34
113.43,53.2,3.64
96.91,50.4,5.11
117.07,53.2,4.86
121.93,53.2,2.7
116.65,75.6,5.78
116.76,44.8,4.62
109.48,42,1.8
19.74,22.4,2.67
27.68,44.8,3.68
25.92,16.8,5.23
25.93,8.4,6.68
16.52,5.6,2.67
15.97,72.8,6.66
20.95,0,1.09
112.61,106.4,5.07
95.55,126,2.03
131.96,114.8,5.7
135.23,64.4,3.19
132.16,64.4,3.07
117.68,106.4,5.33
137.54,126,6.25
5.09,11.2,2.13
7.32,14,6.55
3,14,4.32
17.5,39.2,3.65
5.74,39.2,5.31
1.64,0,1.2
0,8.4,3.95
77.09,126,1.63
70.8,126,6.29
99.39,114.8,6.61
67.74,106.4,3.59
84.34,103.6,1.57
92.9,131.6,3.77
82.32,114.8,4.62
32.54,103.6,5.59
18.61,114.8,6.2
19.14,117.6,5.06
42.1,126,6.57
40.68,126,1.42
38.13,103.6,5.98
23.62,131.6,3.77
146.11,50.4,1.04
145.96,98,3.54
149.96,61.6,4.65
146.71,81.2,1.64
143.93,72.8,1.72
151.05,95.2,2.4
143.04,61.6,6.92
22.63,72.8,6.09
42.47,72.8,2.17
3.45,72.8,6.53
50.83,72.8,5.05
60.19,70,2.32
36.6,70,3.94
19.16,70,1.88
83.29,42,1.7
66.07,39.2,5.24
77.73,42,5.56
86.18,81.2,3.88
90.06,81.2,6.1
71.31,39.2,2.46
81.65,36.4,3.61
60.39,5.6,5.11
68.73,5.6,2.9
40.07,5.6,5.19
8.46,42,1.9
20.44,44.8,5.2
58.76,2.8,4.75
37.87,11.2,2.66
68.41,11.2,4.16
71.19,8.4,4.14
72.57,11.2,3.84
71.63,5.6,1.81
73.44,5.6,2.92
94.98,2.8,6.9
40.78,0,3.11
29.07,2.8,2.24
37.53,2.8,5.84
19.19,5.6,2.31
25.64,44.8,2.04
41.03,33.6,2.92
31.31,2.8,6.22
21.5,5.6,3.15
97.61,44.8,5.07
111.1,14,2.44
113.67,44.8,3.09
133.24,44.8,3.98
118.03,72.8,2.94
96.28,33.6,2.19
136.51,19.6,1.07
21.71,98,4.47
48.66,92.4,6.38
11.48,64.4,5.5
42.63,53.2,1.22
49.86,53.2,2.16
16.46,98,5.25
67.76,56,4.81
122.19,112,6.71
119.98,123.2,4.66
121.86,117.6,1.71
109.13,120.4,3.15
103.53,120.4,5.6
111.28,131.6,4.74
126.28,109.2,1.34
5.08,25.2,6.08
40.33,39.2,4.16
44.64,72.8,6.19
64.21,47.6,3.41
36.6,44.8,3.58
14.2,22.4,4.09
37.31,39.2,3.02
105.5,64.4,3.01
96.07,72.8,5.85
93.54,50.4,1.92
105.82,61.6,5.77
114.22,75.6,2.43
114.62,72.8,3.41
92.43,50.4,1.11
77.28,53.2,4.12
40.3,50.4,3.03
64.66,61.6,5.05
85.9,137.2,3.68
62.54,131.6,5.33
52.64,44.8,1.22
64.34,84,4.71
104.56,126,6.81
78.72,126,4.12
137.6,123.2,5.76
81.34,14,4.12
79.91,14,1.43
82.84,126,6.94
119.23,128.8,4.03
5.66,123.2,4.69
11.22,61.6,6.9
21.21,131.6,2.41
47.1,137.2,4.3
20.89,140,6.68
4.65,61.6,5.04
39.06,123.2,6.05
142.02,25.2,1.41
92.97,61.6,1.07
69.17,58.8,5.62
98.61,100.8,3.14
101.75,100.8,4.46
129.18,56,3.24
62.4,58.8,6.77
55.64,70,4.55
47.45,64.4,5.31
62.51,70,3.62
64.51,117.6,2.23
66.74,117.6,5.24
24.39,64.4,5.97
81.32,95.2,1.13
65.5,44.8,2.7
68.2,44.8,6.91
58.79,44.8,6.71
79.57,36.4,2.08
78.56,28,2.79
75.86,42,1.87
97.46,53.2,2.3
45.26,5.6,6.75
38.62,19.6,2.55
52.01,5.6,6.11
28.82,36.4,4.97
12.24,30.8,3.86
58.12,5.6,2.27
26.58,0,5.82
119.62,5.6,2.37
97.6,5.6,5.04
96,0,2.93
87.86,5.6,3.48
91.34,5.6,1.99
102.64,5.6,4.69
98.93,0,6.07
18.94,2.8,4.75
14.28,0,6.67
16.1,2.8,1.36
39.47,36.4,2.53
25.88,11.2,6.18
23.69,2.8,5.38
11.6,0,2.68
102.68,44.8,4.8
107.18,117.6,3.67
99.12,106.4,3.98
101.37,117.6,5.81
100.29,117.6,1.08
110,100.8,1.39
103.1,106.4,2.58
31.08,98,5.91
32.88,39.2,4.43
17.51,58.8,1.57
48.45,14,2.22
50.67,14,3.98
27.24,98,3.84
28.9,53.2,4.1
113.54,14,1.32
119.1,112,3.09
124.63,53.2,4.77
115.89,114.8,2.82
109.19,114.8,6.7
134.14,109.2,1.28
85.98,58.8,6.36
21.65,33.6,6.44
18.44,123.2,5.17
12.1,123.2,6.34
41.26,131.6,1.15
38.3,131.6,2.96
11.5,33.6,4.14
19.45,131.6,1.76
107.19,58.8,2.18
93.21,67.2,6.41
111.59,61.6,4.7
105.41,75.6,6.62
75.88,61.6,1.61
53.52,58.8,4.57
77.49,61.6,6.89
51.24,67.2,5.71
46.27,134.4,3.3
75.48,128.8,1.07
41.08,117.6,6.01
45.11,123.2,1.92
64.52,53.2,5.13
20.15,134.4,6.03
99.33,8.4,2.63
76.41,11.2,3.82
86.27,8.4,5.12
93.91,19.6,5
87.84,19.6,6.07
101.88,2.8,1.71
49.78,0,2.4
9.79,126,3.64
0,117.6,5.01
0,128.8,1.18
54.15,131.6,2.61
48.12,131.6,6.03
0,120.4,5.63
1.18,128.8,2.72
149.49,25.2,1.62
113.98,50.4,6.96
143.51,75.6,5.52
138.08,58.8,4.02
146.49,53.2,4.41
118.19,33.6,6.08
141.52,81.2,2.22
44.94,75.6,4.67
52.02,53.2,5.81
40.2,81.2,2.91
43.33,50.4,6.99
98.66,56,5.36
77.91,56,4.71
34.73,84,2.26
122.23,56,2.94
118.36,56,3.87
97.12,61.6,1.17
110.78,47.6,3.51
108.67,47.6,2.11
99.76,53.2,1.5
70.4,50.4,6.43
45.1,25.2,4.78
69.71,61.6,2.59
44.64,81.2,6.38
56.69,56,5.84
37.66,61.6,1.59
54.46,39.2,2.25
30.07,78.4,6.59
137.46,11.2,4.78
102.22,16.8,4.09
142.24,11.2,5.78
74.81,16.8,1.66
91.39,8.4,1.87
112.33,16.8,2.64
136.47,0,1.13
56.78,95.2,4.09
71.59,103.6,3.58
41.51,100.8,4.62
57.24,11.2,5.67
49.47,16.8,1.44
47.38,19.6,6.38
0,109.2,1.91
108.43,19.6,5.42
79.51,33.6,3.4
81.04,0,6.35
86.37,22.4,4.63
88.27,25.2,6.89
71.3,33.6,3.64
56.84,0,6
11.69,109.2,6.03
9.72,109.2,1.97
9.37,114.8,5.59
8.21,103.6,3.8
21.69,103.6,6.58
7.4,109.2,2.32
14.96,114.8,1.1
122.13,11.2,1.56
138.02,25.2,1.28
139.3,25.2,2.72
129.85,72.8,1.33
132.32,2.8,4.45
129.48,11.2,6.38
131.7,25.2,6.32
9.98,72.8,5.99
15.76,89.6,3.88
17.72,109.2,6.64
35.87,120.4,3.97
39.84,120.4,6
23.42,61.6,1.15
26.18,98,1.06
87.13,44.8,3.01
103.05,47.6,2.68
105.73,47.6,2.94
112.16,123.2,2.97
107.49,109.2,4.03
96.85,47.6,6.2
63.36,50.4,1.31
69.93,72.8,2.16
75,72.8,5.26
39.9,58.8,6.86
80.26,72.8,6.06
75.56,67.2,5.24
59.42,67.2,3.01
55.79,25.2,5.48
92.34,58.8,4.4
95.46,50.4,1.45
101.92,72.8,1.98
111.6,134.4,2.69
109.15,134.4,2.45
102.3,11.2,6.28
99.74,75.6,5.67
23.69,39.2,4.63
16.44,11.2,3.68
5.89,8.4,5.18
12.13,11.2,4.31
7.22,11.2,4.91
28.72,72.8,6.82
3.95,8.4,1.94
142.74,14,2.2
122.61,100.8,5.27
103.8,33.6,6.71
105.68,106.4,2.55
108.23,106.4,1.37
119.47,98,2.52
132.17,42,6.21
22.78,8.4,3.15
48.87,47.6,4.78
21.66,11.2,1.06
13.9,50.4,4.57
34.45,47.6,5.49
22.72,11.2,3.16
13.87,14,3.99
120.62,100.8,1.99
129.83,47.6,1.72
115.71,98,3.76
123.38,47.6,6.45
122.06,47.6,1.32
137.22,53.2,4.64
134.98,98,2.22
55.62,78.4,3.76
71.19,75.6,4.05
62.53,56,2.36
0,56,2.46
9.38,56,6.04
29.89,50.4,6.68
0,53.2,5.47
137.58,19.6,4.71
127.24,0,2.83
133.21,22.4,4.04
134.73,39.2,6.92
131.18,72.8,3.15
121.99,5.6,3.59
130.88,8.4,4.39
55.89,75.6,4.37
48.4,53.2,1.46
40.46,53.2,2.17
33,53.2,3.92
18.47,50.4,6.11
43.85,53.2,4.55
39.1,56,2.89
120.39,14,6.32
114.97,16.8,5.81
136.56,8.4,2.67
129.21,92.4,2.97
132.18,92.4,3.48
123.69,11.2,5.79
125.58,5.6,6.24
42.44,92.4,6.22
41.19,75.6,3.75
31.49,67.2,3.35
13.7,58.8,3.81
10.31,58.8,1.21
54.67,95.2,2.11
11.52,58.8,2.18
88.59,11.2,5.13
114.29,47.6,3.84
93.72,11.2,6.87
102.43,81.2,4.52
98.29,84,3.47
86.68,42,1.72
86.73,16.8,5.6
53.76,19.6,1.94
32.59,25.2,6.81
55.7,19.6,1.22
33.88,28,4.86
49.88,36.4,1.46
43.95,33.6,3.56
41.17,19.6,6.21
127.07,16.8,6.18
134.95,28,4.54
134.98,16.8,3.61
134.33,72.8,6.36
140.67,42,4.83
120.78,16.8,6.29
133.25,16.8,1.73
72.57,56,3.29
72.09,72.8,1.49
52.82,56,3.87
60.91,39.2,5.16
54.05,33.6,3
53.63,84,2.71
34.61,44.8,1.99
105.55,39.2,5.36
106.77,89.6,2.19
101.37,58.8,5.82
115.75,92.4,1.48
117.23,92.4,4.59
135.55,81.2,3
74.79,58.8,5.44
40.75,16.8,3.06
39.61,22.4,2.06
37.75,16.8,3
3.06,36.4,2.33
1.63,36.4,1.43
41.67,22.4,4.85
31.15,16.8,2.69
133.3,120.4,2.8
118.13,47.6,1.41
135.42,109.2,2.89
54.59,0,2.25
52.18,0,2.41
137.4,47.6,6.17
133.05,106.4,3.39
48.96,11.2,5.55
61.04,109.2,4.79
42.93,42,6.88
69.29,109.2,6.36
75.65,109.2,1.63
46.9,11.2,2.06
49.81,42,4.3
77.55,123.2,2.74
80.29,123.2,5.01
95.54,123.2,4.25
83.76,100.8,2.97
86.73,100.8,2.46
85.3,123.2,1.6
99.79,123.2,4.44
47.52,112,2.8
46.13,100.8,2.19
16.06,114.8,2.55
47.91,56,1.53
41.99,56,5.92
36.99,98,5.54
11.6,98,4.86
109.01,28,3.31
82.91,33.6,1.46
86.69,39.2,5.08
99.29,78.4,6.16
91.79,72.8,1.83
92.99,28,2.98
91.77,39.2,4.58
31.67,28,2.21
60.59,22.4,3.73
30.53,28,1.14
24.65,5.6,5.93
36.89,5.6,3.18
33.49,19.6,5.13
36.66,36.4,2.81
119.56,11.2,2.57
137.25,22.4,4.91
135.86,11.2,1.6
142.29,19.6,6.64
120.97,72.8,6.9
114.86,14,5.53
129.02,22.4,4.19
45.12,84,6.91
38.74,28,6.4
29.81,39.2,3.07
9.63,30.8,1.43
8.16,36.4,4.65
49.8,22.4,6.86
21.15,39.2,2.54
100.59,11.2,1.71
110.81,5.6,6.16
98.08,16.8,4.14
99.49,36.4,1.15
96.55,36.4,2.94
62.84,0,6.79
107.33,5.6,3.48
46.42,89.6,6.21
19.37,64.4,5.02
34.84,67.2,6.12
27.37,67.2,4.12
16.98,64.4,1.05
64.89,56,2.87
24.34,67.2,3.03
143.44,22.4,2.72
140.69,72.8,3.24
140.93,36.4,6.37
150.51,19.6,2.38
148.93,19.6,1.58
143.74,81.2,2.97
144.04,28,5.63
37.19,42,2.52
24.58,50.4,1.05
39.71,42,1.49
21.87,47.6,6.33
0,50.4,2.46
59.88,47.6,4.33
67.62,47.6,5.44
122.12,8.4,2.14
123.83,19.6,4.27
106.98,0,3.73
88.97,36.4,6.42
95.39,36.4,1.16
129.82,19.6,6.69
118.63,2.8,4.3
39.4,25.2,5.7
77.28,109.2,3.46
47.13,44.8,5.51
60.38,114.8,5.68
56.28,114.8,4.1
67.54,22.4,6.82
41.64,44.8,5.49
132,134.4,5.26
106.16,134.4,2.99
125.21,134.4,1.58
118.66,120.4,1.25
110.2,131.6,1.08
75.6,140,5.13
117.74,128.8,1.49
30.32,84,4.41
30.61,81.2,2.66
24.48,86.8,2.64
3.66,58.8,1.1
1.7,58.8,1.96
18.12,61.6,5.3
0,89.6,1.43
71.15,114.8,6.17
85.13,109.2,5.54
83.35,112,4.97
79.59,114.8,2.73
79.91,103.6,2.95
83.38,109.2,1.75
77.32,114.8,2.27
13.75,67.2,1
73.26,128.8,2.22
51.94,100.8,1.46
80.69,128.8,1.23
81.92,128.8,6.23
32.71,134.4,2.96
40,106.4,5.03
137.61,30.8,1.96
143.53,109.2,1.57
139.49,28,4.55
145.31,64.4,3.45
147.58,95.2,3.47
142.29,109.2,1.24
139.21,14,3.53
27.91,22.4,5.03
45.86,36.4,4.02
38.26,14,5.4
61.04,28,4.22
61.36,30.8,1.12
22.41,22.4,5.5
34.92,14,3.34
122.06,81.2,2.15
98.54,75.6,1.2
106.95,81.2,1.22
104.96,22.4,5.15
110.11,22.4,6.09
117.97,81.2,4.09
108.17,81.2,1.77
57.39,109.2,3.65
38.42,30.8,5.92
32.61,30.8,5.81
30.72,30.8,1.89
42,36.4,3.86
49.76,30.8,4.5
26.37,42,6.04
102.02,28,6.99
85.08,30.8,3.65
95.16,25.2,2.93
81.35,30.8,3.73
98.81,30.8,3.77
79.17,30.8,2.18
88.73,30.8,5.38
42.53,98,6.6
57.13,100.8,6.87
67.86,103.6,1.23
48.22,2.8,2.7
43.37,2.8,4.85
48.32,100.8,3.62
23.17,106.4,6.89
116.2,22.4,6.92
112.32,28,6.48
123.12,22.4,5.9
115.58,78.4,4.19
112.3,44.8,1.37
106.31,16.8,6.02
125.39,25.2,2.13
64.26,98,2.65
55.04,92.4,2.13
62.43,67.2,6.37
65.53,86.8,3.63
57.17,92.4,4.57
55.94,98,4.93
53.69,61.6,4.94
131.72,14,1.08
108.51,64.4,4.22
141.86,53.2,2.44
129.4,53.2,5.8
135.2,53.2,2.02
87.47,50.4,4.96
119.41,64.4,5.3
56.34,84,6
67.88,36.4,3.69
75.86,56,2.05
56.6,30.8,4.76
55.27,28,5.77
63.23,36.4,4.65
49.44,56,3.38
128.46,61.6,3.32
98.82,134.4,1.41
129.42,131.6,5.94
80.12,134.4,5.36
67.69,140,5.92
101.88,137.2,2.16
126.79,134.4,5.21
31.84,92.4,6.66
40.47,137.2,6.63
22.18,137.2,2.55
69.52,137.2,4.77
64.78,137.2,4.74
22.81,70,2.15
12.33,137.2,6.67
142.18,30.8,1.03
132.1,58.8,5.98
123.52,44.8,3.38
130.92,78.4,6.13
128.89,78.4,2.03
116.86,39.2,1.46
137.02,56,2.46
17.63,70,1.53
5.07,95.2,2.23
20.89,95.2,5.59
16.79,100.8,4.92
2.82,86.8,2.83
11.99,44.8,2.97
1.39,98,6.2
134.06,36.4,2.4
84.37,33.6,5.57
101.26,53.2,3.05
86.71,75.6,5.28
81.47,75.6,5.24
95.97,28,6.05
104.31,53.2,3.33
50.78,106.4,1.71
79.99,117.6,4.34
52.49,106.4,4.86
53.18,123.2,3.05
56.23,123.2,6.61
53.74,117.6,1.31
57.35,106.4,1.65
112.28,120.4,2.62
116.89,123.2,3.09
110.85,117.6,3.6
80.84,50.4,6.63
107.64,53.2,5.79
93.68,120.4,6.5
115.78,112,3.32
10.02,120.4,3.09
28.98,112,4.73
3.25,114.8,2.94
1.91,109.2,5.49
5.63,103.6,2.58
5.63,120.4,1.54
0,114.8,3.25
135.75,128.8,1.65
117.84,137.2,1.87
117.47,126,4.49
80.02,131.6,4.3
78.26,131.6,1.76
148.89,123.2,1.35
121.96,126,2.73
12.21,53.2,5.44
43.59,89.6,2.83
5.47,53.2,6.74
54.26,30.8,2.34
65.26,28,3.66
64.33,95.2,4.46
31.36,44.8,3.25
80.23,58.8,3.65
71.34,64.4,5.93
83.88,58.8,2.1
112.73,64.4,6.68
94.25,64.4,6.6
77.27,64.4,3.73
95.48,22.4,2.68
75.93,120.4,1.98
50.32,50.4,2.18
81.4,53.2,4.36
76.5,28,2.06
49.88,25.2,5.91
73.31,120.4,2.62
14.96,44.8,5.48
146.16,22.4,3.09
138.59,16.8,3.51
123.61,28,5.96
146.64,86.8,1.3
137.93,89.6,1.86
126.71,14,5.01
142.16,22.4,1.28
60.08,86.8,2.02
66.22,75.6,4.97
45.48,67.2,5.76
40.43,64.4,1.76
42.93,67.2,2.55
62.1,86.8,3.43
17.65,67.2,1.5
125.8,8.4,5.08
112.73,8.4,4.85
124.26,8.4,1.54
119.53,19.6,4.3
113.85,19.6,5.68
114.98,2.8,1.68
122.93,2.8,4.3
23.91,100.8,6.83
41.36,112,1.35
4.48,106.4,2.12
66.06,114.8,5.09
76.97,100.8,6.79
35.32,112,1.67
0,100.8,6.38
146.07,8.4,2.4
140.96,5.6,6.28
142.35,8.4,3.72
136.1,120.4,2.24
138.34,120.4,5.05
148.68,2.8,4.21
139.23,8.4,3.12
7.59,98,1.62
21.57,75.6,3.43
20.52,92.4,5.49
19.05,75.6,2.52
13.3,75.6,5.75
18.94,19.6,3.37
11.42,92.4,4.74
128.69,39.2,6.04
111.81,50.4,2.17
141.61,44.8,5.19
126.67,95.2,3.37
130.04,95.2,4.12
127.42,42,1.59
129.01,42,3.16
51.02,81.2,3.23
46.76,58.8,5.52
33.27,58.8,6.63
57.05,33.6,6.56
63.61,33.6,2.01
61.74,92.4,4.95
0,58.8,1.7
118.71,114.8,2.24
52.28,58.8,1.24
111.39,100.8,3.07
75.92,92.4,2.44
78.36,92.4,6.25
85.76,53.2,4.19
95.48,98,5.22
0,134.4,3.21
0,140,2.48
4.42,137.2,1.56
35.1,137.2,5.37
24.73,137.2,4.93
5.98,137.2,6.35
0,137.2,4.42
148.79,114.8,1.01
142.1,58.8,2.99
136.44,106.4,5.38
133.86,100.8,5.04
138.9,100.8,5.21
145.09,58.8,6.99
144.11,100.8,6.56
0,70,4.86
15.66,112,2.82
10.68,112,4.98
13.11,120.4,2.08
7.17,120.4,2.85
7.37,67.2,2.11
5.26,112,5.42
108.75,84,1.16
99.62,67.2,5.07
101.76,84,4.2
90.98,86.8,3.93
101.85,86.8,2.99
64.43,64.4,6.91
133.33,81.2,2.22
54.15,78.4,1.47
59,106.4,3.76
92.52,56,6.14
30.36,64.4,5.64
52.76,64.4,3.02
57.52,126,4.37
47.51,33.6,6.54
135.58,33.6,4.31
145.93,89.6,6.68
128.91,33.6,6.67
147.15,50.4,4.9
147.59,47.6,2.22
139.79,89.6,4.05
143.43,25.2,6.06
25.36,81.2,5.25
17.51,33.6,4.14
12.66,28,2.57
0,25.2,5.08
3.74,22.4,3.87
24.13,81.2,1.23
7.61,22.4,6.59
123.82,89.6,4.57
130.9,67.2,4.5
137.62,86.8,3.23
136.58,75.6,2.15
130.32,64.4,1.84
129.08,70,3.74
120.4,84,5.33
26.01,92.4,5.83
49.13,98,6.81
4.76,58.8,1.51
65.5,5.6,3.23
54.65,14,2.93
11.09,106.4,6.03
73.06,47.6,6.84
132.8,14,6.41
136.46,36.4,4.47
142.1,16.8,3.72
136.32,95.2,2.91
139.23,95.2,4.86
130.07,0,6.4
145.82,16.8,4.11
60.87,98,1.58
58.86,19.6,6.74
78.16,36.4,1.41
54.82,8.4,6.02
90.71,2.8,4.27
62.45,98,1.81
60.84,8.4,4.54
147.91,106.4,3.91
150.24,123.2,1.21
152.12,103.6,1.47
133.82,84,5.64
146.66,67.2,6.26
140.51,128.8,6.38
145.1,109.2,3.33
33.98,33.6,3.49
34.97,42,1.03
15.64,33.6,1.87
13.21,47.6,2.29
5.24,47.6,5.03
32.41,42,2.56
14.34,39.2,3.16
114.71,112,1.07
109.89,98,5.82
128.02,92.4,1.19
118.81,61.6,2.39
121.2,61.6,3.04
132.76,109.2,1.38
121.54,95.2,5.13
9.04,128.8,3.3
61.03,103.6,6.83
32.48,100.8,6.54
51.34,36.4,5.02
41.2,42,1.73
43.57,109.2,6.28
39.02,100.8,2.49
144.05,112,1.9
62.84,123.2,5.38
86.9,123.2,1.77
54.23,140,5.35
58.05,134.4,1.62
84.33,117.6,5.46
90.31,131.6,2.59
47.91,86.8,1.66
46.5,39.2,5.47
45.14,28,3.47
16.36,25.2,4.84
46.52,22.4,3.28
47.52,78.4,6.63
57.6,47.6,2.28
104.35,95.2,6.46
89.19,100.8,6.31
105.91,103.6,4.67
90.67,109.2,6.15
65.89,106.4,1.85
84.91,95.2,1.12
97.98,95.2,2.14
6.26,78.4,5
11.59,75.6,1.71
3.68,81.2,5.02
6.88,70,5.85
12.73,70,4.9
15.01,78.4,5.95
8.7,81.2,6.85
80.23,11.2,2.94
84.38,61.6,5.83
69.6,16.8,5.21
98.49,81.2,3.94
96.16,81.2,2.33
85.26,36.4,3.71
93.26,8.4,6.07
28.46,70,6.51
45.03,106.4,1.67
24.96,70,3.5
54.46,109.2,2.93
64.84,112,6.68
17.12,106.4,6.05
35.54,72.8,6.93
110.49,86.8,4.96
121.82,92.4,4.63
122.3,86.8,2.34
102.17,42,3.13
96.25,42,5.92
91.94,89.6,5.65
115.45,86.8,6.85
21.71,100.8,2.2
78.87,95.2,2.45
77.08,95.2,1.79
64.3,72.8,5.63
59.1,72.8,5.2
0,98,1.39
71,95.2,6.08
148.09,137.2,2.42
98.4,140,6.54
134.55,137.2,2.49
88.89,140,6.23
86.26,140,2.63
106.46,140,1.64
104.94,140,1.52
65.83,109.2,3.46
29.84,58.8,3.43
42.19,64.4,5.26
25.12,58.8,4.72
82.62,56,4.3
78.06,112,5.29
36,64.4,4.43
128.39,89.6,4.02
124.64,86.8,4.85
119.77,78.4,3.75
64.65,16.8,4.95
90.77,14,2
129.49,86.8,1.57
123.52,78.4,5.37
45.04,8.4,1.68
56.71,39.2,4.2
56.76,131.6,5.78
88.15,128.8,3.34
91.49,128.8,3.25
78.28,2.8,1.7
2.48,140,2.25
124.64,123.2,6.96
153.3,64.4,1.5
151.12,117.6,1.51
149.03,75.6,4.02
145.65,72.8,4.74
90.85,64.4,3.4
147.72,112,5.25
30.63,128.8,6.09
20.96,128.8,3.59
29.66,137.2,1.76
16.37,103.6,5.32
15.75,117.6,1.06
19.23,128.8,1.73
7.36,131.6,5.44
142.73,64.4,2.58
139.46,84,1.05
136.62,50.4,5.9
151.23,70,1.01
148.35,81.2,3.93
147.94,86.8,3.68
143.57,47.6,4.02
21.69,112,3.2
0,103.6,3.17
24.89,112,4.09
5.01,117.6,5.76
0,123.2,5.66
0,92.4,6.51
18.48,112,3.21
86.34,89.6,5.6
109.91,84,5.68
80.99,98,1.13
122.43,75.6,5.39
107.69,50.4,4.12
84.68,89.6,1.66
75.96,98,5.03
4.86,70,2.02
0,81.2,3.68
0,72.8,1.07
19.35,92.4,1.17
16.16,92.4,3.19
4.26,67.2,3.11
6.85,75.6,4.74
75.33,8.4,4.87
86.7,11.2,1.89
85.58,25.2,2.69
113.63,30.8,5.05
111.85,36.4,5.85
65.38,8.4,5.81
83.41,22.4,2.96
36.66,78.4,4.62
29.32,19.6,4.17
45.26,86.8,2.65
42.36,61.6,5.39
31.02,61.6,6.64
22.31,19.6,3.89
36.98,86.8,4.83
86.52,86.8,3.17
86.03,95.2,4.07
85.02,86.8,1.5
78.25,86.8,6.77
55.51,89.6,6.54
96.41,92.4,4.09
64.02,89.6,1.06
10.75,67.2,3
27.12,86.8,3.43
13.7,78.4,1.31
0,95.2,5.07
7.3,95.2,3.41
17.45,84,6.12
21.69,86.8,1.25
150.62,126,4.36
135.66,92.4,2.01
137.67,92.4,6.76
141.03,67.2,5.63
141.95,84,6.04
151.45,123.2,2.51
144.43,92.4,6.59
23.61,123.2,3.84
38.5,92.4,3.94
29.26,120.4,6.61
14.71,134.4,5.44
26.18,134.4,3.72
42.59,95.2,6.03
30.55,86.8,5.42
138.38,42,2.29
138.55,81.2,2.97
110.51,33.6,4.62
124.24,61.6,1.09
125.33,61.6,3.13
132.41,89.6,5.52
124.18,39.2,4.51
51.11,8.4,3.71
54.25,81.2,6.24
71.57,36.4,6.59
69.16,86.8,4.38
70.13,92.4,5.79
54.51,11.2,2.73
69.65,42,6.21
115.13,33.6,3.06
79.82,22.4,3.59
117.7,36.4,5.61
80.97,19.6,6.87
68.18,19.6,4.7
108.58,11.2,4.64
91,22.4,4.48
150.9,53.2,2.08
135.4,67.2,1.31
143.83,56,2.68
143.84,89.6,2.09
66.24,140,1.45
86.55,134.4,6.97
104.04,137.2,4.23
121.59,67.2,6.7
119.79,67.2,1.8
77.64,134.4,2.48
108.7,123.2,3.46
29.56,117.6,1.38
21.27,120.4,1.51
3.9,128.8,5.14
3.21,134.4,6.54
29.9,134.4,2.81
15.19,120.4,6.08
1.04,131.6,6.32
101.96,8.4,5.15
87.71,64.4,3.14
83.17,11.2,3.53
94.87,75.6,3.67
91.99,75.6,2.88
104.69,67.2,5.98
103.01,22.4,1.95
66.13,70,4.36
73.58,72.8,1.42
67.22,25.2,2.41
55.78,64.4,4.72
60.5,64.4,1.84
74.42,78.4,2.07
74.36,22.4,2.03
107.2,92.4,1.87
85.69,84,6.31
100.5,92.4,6.7
82.66,78.4,3.12
87.21,67.2,6
79.03,84,6.66
93.94,78.4,5.35
33.79,36.4,2.87
48.28,8.4,2.83
57.22,2.8,1.54
74.13,84,3.27
66.69,92.4,3.44
46.72,8.4,1.56
38.65,8.4,6.39
16.2,8.4,4.23
20.43,8.4,2.35
24.6,14,6.54
67.38,14,1.39
55.88,72.8,3.22
43.66,14,4.79
31.14,14,3.78
49.16,128.8,5.91
55.07,128.8,6.75
43.56,131.6,3.49
39.25,61.6,3.11
8.12,64.4,3.36
61.82,128.8,6.19
28.13,120.4,1.13
142.52,50.4,3.59
148.27,131.6,4.82
149.65,30.8,3.09
127.62,128.8,6.09
133.71,128.8,2.04
145.95,112,1.77
145.5,42,2.13
137.26,134.4,3.38
146.89,128.8,2.06
137.45,131.6,4.8
108.1,140,5.36
140.64,134.4,6.82
146.62,120.4,4.19
137.4,128.8,3.11
146.51,56,1.02
100.85,64.4,4.65
138.42,64.4,4.31
147.53,56,1.78
149.81,47.6,3.29
92.5,70,5.61
127.76,70,1.32
86.92,56,5.6
43.11,81.2,1.53
6.27,58.8,4.04
68.77,14,6.49
75.26,14,4.65
53.4,100.8,3.73
28.32,39.2,1.49
68.82,126,1.98
131.13,103.6,6.1
138.31,109.2,3.98
143.12,78.4,3.76
139.12,67.2,1.91
95.5,100.8,3.11
139.39,112,4.66
72.53,53.2,4.75
49.57,134.4,5.44
55.01,134.4,3.04
124.38,137.2,6.17
120.89,134.4,4.32
54.11,42,4.17
42.41,131.6,1.15
